subplot_id,year,speriod,shrub_bio_ttl,shrub_1hr,shrub_10hr,dwd_fuel_10h,dwd_fuel_100h,dwd_fuel_1000h_s,dwd_fuel_1000h_r,herb_fuel_live_ss,herb_fuel_dead_ss,ispace_litter_load_ss,herb_fuel_stand_ss,rcode,scode,pcode,ptype,sp_number,treatment
SW-SD-BC019,7,1,975,395,344,471,662,0,0,205,60,175,NA,SW,SD,B,CP,19,FP
SW-SD-BC019,9,1,328,135,122,956,221,0,0,40,5,110,NA,SW,SD,B,CP,19,FP
SW-SD-BC019,11,1,843,342,305,347,441,0,0,290,95,455,NA,SW,SD,B,CP,19,FP
SW-SD-BC019,14,1,2102,953,723,402,331,0,0,405,205,870,NA,SW,SD,B,CP,19,FP
SW-SD-BC026,7,1,6180,2424,2166,1067,882,266,0,270,20,715,NA,SW,SD,B,CP,26,FI
SW-SD-BC026,9,1,11,6,5,402,221,0,0,30,0,120,NA,SW,SD,B,CP,26,FI
SW-SD-BC026,11,1,61,26,18,319,110,0,0,580,215,120,NA,SW,SD,B,CP,26,FI
SW-SD-BC026,14,1,985,384,220,125,0,0,0,235,55,295,NA,SW,SD,B,CP,26,FI
SW-SD-BC043,7,1,1778,703,639,347,551,0,0,310,110,225,NA,SW,SD,B,CP,43,FP
SW-SD-BC043,9,1,0,0,0,319,662,0,0,35,5,5,NA,SW,SD,B,CP,43,FP
SW-SD-BC043,11,1,4,1,0,333,331,0,0,510,195,290,NA,SW,SD,B,CP,43,FP
SW-SD-BC043,14,1,34,15,11,69,0,0,0,580,555,385,NA,SW,SD,B,CP,43,FP
SW-SD-BC048,7,1,183,88,83,942,2206,266,0,105,10,950,NA,SW,SD,B,CP,48,FI
SW-SD-BC048,9,1,0,0,0,347,882,0,0,10,0,75,NA,SW,SD,B,CP,48,FI
SW-SD-BC048,11,1,136,47,20,263,441,0,0,430,140,90,NA,SW,SD,B,CP,48,FI
SW-SD-BC048,14,1,2466,1007,613,360,551,0,0,90,80,355,NA,SW,SD,B,CP,48,FI
SW-SD-BC048,16,1,NA,NA,NA,NA,NA,NA,NA,NA,NA,120,265,SW,SD,B,CP,48,FI
SW-SD-BC054,7,1,558,225,205,430,551,862,0,280,50,155,NA,SW,SD,B,CP,54,FI
SW-SD-BC054,9,1,0,0,0,180,110,0,0,150,0,105,NA,SW,SD,B,CP,54,FI
SW-SD-BC054,11,1,0,0,0,166,331,0,0,435,480,195,NA,SW,SD,B,CP,54,FI
SW-SD-BC054,14,1,0,0,0,180,441,0,0,505,1000,280,NA,SW,SD,B,CP,54,FI
SW-SD-BC060,7,1,3033,1462,1395,388,221,0,0,375,30,150,NA,SW,SD,B,CP,60,FP
SW-SD-BC060,9,1,36,16,14,457,882,0,0,10,5,225,NA,SW,SD,B,CP,60,FP
SW-SD-BC060,11,1,34,16,15,374,221,0,0,325,2155,145,NA,SW,SD,B,CP,60,FP
SW-SD-BC060,14,1,40,18,16,610,441,0,0,340,520,320,NA,SW,SD,B,CP,60,FP
SW-SD-BC078,7,1,428,218,213,887,662,931,0,195,135,200,NA,SW,SD,B,CP,78,FP
SW-SD-BC078,9,1,59,29,26,582,1323,329,0,10,0,135,NA,SW,SD,B,CP,78,FP
SW-SD-BC078,11,1,745,353,288,430,1213,0,0,235,135,170,NA,SW,SD,B,CP,78,FP
SW-SD-BC078,14,1,1546,802,671,568,1323,556,0,200,510,305,NA,SW,SD,B,CP,78,FP
SW-SD-BC081,7,1,1399,600,561,1816,1434,1918,0,190,60,330,NA,SW,SD,B,CP,81,FI
SW-SD-BC081,9,1,0,0,0,707,0,0,0,0,0,25,NA,SW,SD,B,CP,81,FI
SW-SD-BC081,11,1,51,17,7,319,331,0,0,955,180,50,NA,SW,SD,B,CP,81,FI
SW-SD-BC081,14,1,1318,541,324,277,110,0,0,265,285,550,NA,SW,SD,B,CP,81,FI
SW-SD-BC081,16,1,NA,NA,NA,NA,NA,NA,NA,NA,NA,120,410,SW,SD,B,CP,81,FI
SW-SD-BC091,7,1,1988,858,773,139,441,658,0,375,55,145,NA,SW,SD,B,CP,91,FP
SW-SD-BC091,9,1,0,0,0,499,662,0,0,45,10,160,NA,SW,SD,B,CP,91,FP
SW-SD-BC091,11,1,0,0,0,305,221,0,0,475,365,325,NA,SW,SD,B,CP,91,FP
SW-SD-BC091,14,1,9,4,2,236,331,0,0,400,545,135,NA,SW,SD,B,CP,91,FP
SW-SD-BC098,7,1,2447,1068,978,610,882,211,0,170,75,230,NA,SW,SD,B,CP,98,FI
SW-SD-BC098,9,1,0,0,0,291,221,0,0,10,0,110,NA,SW,SD,B,CP,98,FI
SW-SD-BC098,11,1,0,0,0,152,110,0,0,345,655,120,NA,SW,SD,B,CP,98,FI
SW-SD-BC098,14,1,0,0,0,277,331,0,0,345,725,105,NA,SW,SD,B,CP,98,FI
SW-SD-BC101,7,1,9660,4083,3744,665,772,0,0,195,50,1105,NA,SW,SD,B,CP,101,FI
SW-SD-BC101,9,1,0,0,0,125,110,0,0,85,0,65,NA,SW,SD,B,CP,101,FI
SW-SD-BC101,11,1,33,11,4,139,0,0,0,630,185,95,NA,SW,SD,B,CP,101,FI
SW-SD-BC101,14,1,586,245,160,222,110,0,0,215,550,400,NA,SW,SD,B,CP,101,FI
SW-SD-BC130,7,1,2971,1204,1102,693,882,0,0,150,10,485,NA,SW,SD,B,CP,130,FI
SW-SD-BC130,9,1,16,8,6,610,993,0,0,40,0,165,NA,SW,SD,B,CP,130,FI
SW-SD-BC130,11,1,84,31,15,42,0,0,0,725,860,175,NA,SW,SD,B,CP,130,FI
SW-SD-BC130,14,1,774,296,158,152,331,0,0,380,480,495,NA,SW,SD,B,CP,130,FI
SW-SD-BC130,16,1,NA,NA,NA,NA,NA,NA,NA,NA,NA,85,1535,SW,SD,B,CP,130,FI
SW-SD-BC157,7,1,2108,937,874,1483,1654,3473,0,110,50,505,NA,SW,SD,B,CP,157,FI
SW-SD-BC157,9,1,11,5,5,804,993,0,0,50,5,400,NA,SW,SD,B,CP,157,FI
SW-SD-BC157,11,1,13,7,6,471,0,0,0,640,485,60,NA,SW,SD,B,CP,157,FI
SW-SD-BC157,14,1,116,54,43,499,662,0,0,845,595,450,NA,SW,SD,B,CP,157,FI
SW-SD-BC160,7,1,2852,1200,1100,1428,2206,1622,0,240,40,270,NA,SW,SD,B,CP,160,FI
SW-SD-BC160,9,1,0,0,0,624,0,0,0,15,0,30,NA,SW,SD,B,CP,160,FI
SW-SD-BC160,11,1,5,2,1,139,221,0,0,495,210,100,NA,SW,SD,B,CP,160,FI
SW-SD-BC160,14,1,1086,447,286,291,110,0,0,280,85,430,NA,SW,SD,B,CP,160,FI
SW-SD-BC163,7,1,1154,504,466,721,1654,2664,0,110,70,940,NA,SW,SD,B,CP,163,FP
SW-SD-BC163,9,1,0,0,0,360,441,0,0,5,5,155,NA,SW,SD,B,CP,163,FP
SW-SD-BC163,11,1,387,146,89,222,0,0,0,165,140,195,NA,SW,SD,B,CP,163,FP
SW-SD-BC163,14,1,1633,699,507,125,110,0,0,60,190,575,NA,SW,SD,B,CP,163,FP
SW-SD-BC163,16,1,NA,NA,NA,NA,NA,NA,NA,NA,NA,215,170,SW,SD,B,CP,163,FP
SW-SD-BC170,7,1,941,429,401,333,662,0,0,215,25,320,NA,SW,SD,B,CP,170,FP
SW-SD-BC170,9,1,0,0,0,305,110,0,0,5,5,140,NA,SW,SD,B,CP,170,FP
SW-SD-BC170,11,1,162,56,24,457,221,0,0,380,70,110,NA,SW,SD,B,CP,170,FP
SW-SD-BC170,14,1,476,223,176,333,0,0,0,350,145,275,NA,SW,SD,B,CP,170,FP
SW-SD-BC214,7,1,5662,2312,2125,790,1875,3128,0,180,40,500,NA,SW,SD,B,CP,214,FP
SW-SD-BC214,9,1,0,0,0,527,441,0,0,15,15,105,NA,SW,SD,B,CP,214,FP
SW-SD-BC214,11,1,70,29,18,319,551,0,0,340,90,75,NA,SW,SD,B,CP,214,FP
SW-SD-BC214,14,1,667,308,237,166,441,0,0,400,780,310,NA,SW,SD,B,CP,214,FP
SW-SD-BC214,16,1,NA,NA,NA,NA,NA,NA,NA,NA,NA,190,950,SW,SD,B,CP,214,FP
SW-SD-BC223,7,1,907,410,384,596,1434,806,0,305,110,240,NA,SW,SD,B,CP,223,FP
SW-SD-BC223,9,1,0,0,0,554,0,0,0,15,0,30,NA,SW,SD,B,CP,223,FP
SW-SD-BC223,11,1,435,157,70,194,0,0,0,490,30,110,NA,SW,SD,B,CP,223,FP
SW-SD-BC223,14,1,481,223,174,208,441,0,0,260,130,285,NA,SW,SD,B,CP,223,FP
SW-SD-BC223,16,1,NA,NA,NA,NA,NA,NA,NA,NA,NA,240,755,SW,SD,B,CP,223,FP
SW-SD-CC005,7,1,-804,-307,-272,471,2095,2441,0,515,140,110,NA,SW,SD,C,CP,5,CO
SW-SD-CC005,9,1,1431,622,581,527,1323,1796,0,260,170,425,NA,SW,SD,C,CP,5,CO
SW-SD-CC005,11,1,1084,483,451,222,993,266,0,480,60,485,NA,SW,SD,C,CP,5,CO
SW-SD-CC005,14,1,1072,478,448,347,1875,0,0,250,300,710,NA,SW,SD,C,CP,5,CO
SW-SD-CC005,16,1,NA,NA,NA,NA,NA,NA,NA,NA,NA,240,760,SW,SD,C,CP,5,CO
SW-SD-CC016,7,1,3649,1568,1443,873,1323,1381,0,445,330,365,NA,SW,SD,C,CP,16,CO
SW-SD-CC016,9,1,2254,928,845,291,993,0,0,20,255,210,NA,SW,SD,C,CP,16,CO
SW-SD-CC016,11,1,2452,992,902,402,3419,474,0,130,150,415,NA,SW,SD,C,CP,16,CO
SW-SD-CC016,14,1,2318,935,850,610,1323,1789,0,90,105,340,NA,SW,SD,C,CP,16,CO
SW-SD-CC019,7,1,2659,1155,1054,1566,1103,2457,0,565,140,210,NA,SW,SD,C,CP,19,CO
SW-SD-CC019,9,1,3464,1441,1320,901,1103,1043,0,260,135,640,NA,SW,SD,C,CP,19,CO
SW-SD-CC019,11,1,1618,758,717,291,1103,1362,0,400,50,330,NA,SW,SD,C,CP,19,CO
SW-SD-CC019,14,1,1348,594,552,430,1323,740,0,130,245,230,NA,SW,SD,C,CP,19,CO
SW-SD-CC019,16,1,NA,NA,NA,NA,NA,NA,NA,NA,NA,230,685,SW,SD,C,CP,19,CO
SW-SD-CC030,7,1,2628,1035,934,554,1764,2572,0,355,135,265,NA,SW,SD,C,CP,30,CP
SW-SD-CC030,9,1,1702,715,661,707,2206,1773,0,65,150,505,NA,SW,SD,C,CP,30,CP
SW-SD-CC030,11,1,1930,812,750,638,1654,1056,0,200,0,445,NA,SW,SD,C,CP,30,CP
SW-SD-CC030,14,1,2338,955,850,721,1323,2023,0,140,190,295,NA,SW,SD,C,CP,30,CP
SW-SD-CC046,7,1,-1606,-624,-560,776,993,421,0,570,585,705,NA,SW,SD,C,CP,46,CP
SW-SD-CC046,9,1,2119,804,714,499,551,0,0,15,0,505,NA,SW,SD,C,CP,46,CP
SW-SD-CC046,11,1,2302,872,773,402,993,0,0,215,50,240,NA,SW,SD,C,CP,46,CP
SW-SD-CC046,14,1,2096,698,298,748,2206,211,0,85,105,135,NA,SW,SD,C,CP,46,CP
SW-SD-CC053,7,1,-5096,-2007,-1699,236,1103,477,0,545,95,355,NA,SW,SD,C,CP,53,CP
SW-SD-CC053,9,1,2106,931,859,1040,662,0,0,10,400,760,NA,SW,SD,C,CP,53,CP
SW-SD-CC053,11,1,2515,1066,968,388,331,0,0,90,10,935,NA,SW,SD,C,CP,53,CP
SW-SD-CC053,14,1,3144,1287,1156,970,882,1898,0,25,30,250,NA,SW,SD,C,CP,53,CP
SW-SD-CC053,16,1,NA,NA,NA,NA,NA,NA,NA,NA,NA,365,140,SW,SD,C,CP,53,CP
SW-SD-CC057,7,1,12717,4864,4316,513,331,924,0,200,165,255,NA,SW,SD,C,CP,57,CO
SW-SD-CC057,9,1,5136,2109,1923,1067,1213,539,0,20,20,295,NA,SW,SD,C,CP,57,CO
SW-SD-CC057,11,1,2241,921,835,471,1213,474,0,255,30,575,NA,SW,SD,C,CP,57,CO
SW-SD-CC057,14,1,2327,917,820,651,1103,0,0,185,145,230,NA,SW,SD,C,CP,57,CO
SW-SD-CC057,16,1,NA,NA,NA,NA,NA,NA,NA,NA,NA,475,470,SW,SD,C,CP,57,CO
SW-SD-CC075,7,1,-287,-132,-126,527,1985,2095,0,495,195,375,NA,SW,SD,C,CP,75,CP
SW-SD-CC075,9,1,2104,867,787,471,993,1796,0,20,155,495,NA,SW,SD,C,CP,75,CP
SW-SD-CC075,11,1,3073,1222,1093,721,1103,0,0,80,80,465,NA,SW,SD,C,CP,75,CP
SW-SD-CC075,14,1,975,448,397,887,882,658,0,440,370,460,NA,SW,SD,C,CP,75,CP
SW-SD-CC084,7,1,2397,1117,1062,430,772,1582,0,340,400,175,NA,SW,SD,C,CP,84,CO
SW-SD-CC084,9,1,1548,780,735,1192,1875,595,0,185,325,505,NA,SW,SD,C,CP,84,CO
SW-SD-CC084,11,1,1499,718,680,554,1654,872,0,240,200,130,NA,SW,SD,C,CP,84,CO
SW-SD-CC084,14,1,1493,688,650,748,1654,993,0,185,290,490,NA,SW,SD,C,CP,84,CO
SW-SD-CC113,7,1,2413,950,853,624,772,211,0,410,185,415,NA,SW,SD,C,CP,113,CP
SW-SD-CC113,9,1,1193,492,445,263,662,0,0,40,215,345,NA,SW,SD,C,CP,113,CP
SW-SD-CC113,11,1,1711,717,654,236,1103,0,0,80,165,435,NA,SW,SD,C,CP,113,CP
SW-SD-CC113,14,1,1536,651,601,693,1213,1138,0,40,55,130,NA,SW,SD,C,CP,113,CP
SW-SD-CC126,7,1,3001,1236,1129,388,1544,2917,0,140,155,225,NA,SW,SD,C,CP,126,CO
SW-SD-CC126,9,1,3164,1292,1180,942,1654,1740,0,660,1340,990,NA,SW,SD,C,CP,126,CO
SW-SD-CC126,11,1,4002,1623,1484,444,882,0,0,190,270,805,NA,SW,SD,C,CP,126,CO
SW-SD-CC126,14,1,4275,1708,1549,1081,1103,421,0,245,510,175,NA,SW,SD,C,CP,126,CO
SW-SD-CC134,7,1,4964,1916,1710,471,1654,1372,0,205,145,985,NA,SW,SD,C,CP,134,CO
SW-SD-CC134,9,1,4772,1944,1776,554,2206,329,0,355,245,245,NA,SW,SD,C,CP,134,CO
SW-SD-CC134,11,1,3214,1326,1205,679,882,0,0,185,45,270,NA,SW,SD,C,CP,134,CO
SW-SD-CC134,14,1,3534,1434,1294,638,1654,0,0,25,90,85,NA,SW,SD,C,CP,134,CO
SW-SD-CC153,7,1,3949,1553,1402,305,1434,1029,0,710,60,635,NA,SW,SD,C,CP,153,CP
SW-SD-CC153,9,1,2112,852,772,374,1434,2332,0,10,140,775,NA,SW,SD,C,CP,153,CP
SW-SD-CC153,11,1,1892,801,748,721,1213,0,0,105,75,665,NA,SW,SD,C,CP,153,CP
SW-SD-CC153,14,1,620,267,197,638,1434,398,0,25,80,260,NA,SW,SD,C,CP,153,CP
SW-SD-CC153,16,1,NA,NA,NA,NA,NA,NA,NA,NA,NA,350,560,SW,SD,C,CP,153,CP
SW-SD-CC155,7,1,2859,1108,990,388,1764,1306,0,410,185,1065,NA,SW,SD,C,CP,155,CP
SW-SD-CC155,9,1,1700,686,620,568,2206,684,0,150,645,685,NA,SW,SD,C,CP,155,CP
SW-SD-CC155,11,1,3387,1292,1140,416,1654,266,0,175,100,195,NA,SW,SD,C,CP,155,CP
SW-SD-CC155,14,1,3381,1310,1166,347,1323,0,0,65,155,90,NA,SW,SD,C,CP,155,CP
SW-SD-CC155,16,1,NA,NA,NA,NA,NA,NA,NA,NA,NA,805,220,SW,SD,C,CP,155,CP
SW-SD-CC160,7,1,2113,860,790,430,551,740,0,165,30,275,NA,SW,SD,C,CP,160,CP
SW-SD-CC160,9,1,2413,1038,962,485,1875,954,0,90,305,845,NA,SW,SD,C,CP,160,CP
SW-SD-CC160,11,1,1731,698,632,665,993,0,0,130,385,1245,NA,SW,SD,C,CP,160,CP
SW-SD-CC160,14,1,3029,1254,1152,568,772,556,0,140,130,725,NA,SW,SD,C,CP,160,CP
SW-SD-CC164,7,1,844,687,147,208,0,0,0,750,480,205,NA,SW,SD,C,CP,164,CP
SW-SD-CC164,9,1,184,159,36,152,0,0,0,245,870,265,NA,SW,SD,C,CP,164,CP
SW-SD-CC164,11,1,688,331,230,14,0,0,0,230,510,235,NA,SW,SD,C,CP,164,CP
SW-SD-CC164,14,1,435,167,92,42,0,0,0,250,325,605,NA,SW,SD,C,CP,164,CP
SW-SD-CC183,7,1,4343,1834,1702,610,2536,1427,0,345,285,95,NA,SW,SD,C,CP,183,CO
SW-SD-CC183,9,1,1718,756,702,513,2095,595,0,100,140,980,NA,SW,SD,C,CP,183,CO
SW-SD-CC183,11,1,1479,692,654,430,1985,0,0,190,130,250,NA,SW,SD,C,CP,183,CO
SW-SD-CC183,14,1,1443,618,570,430,1654,329,0,270,220,110,NA,SW,SD,C,CP,183,CO
SW-SD-CC203,7,1,5996,2437,2223,651,1544,4414,0,380,105,15,NA,SW,SD,C,CP,203,CO
SW-SD-CC203,9,1,4650,1891,1714,485,2095,211,0,95,200,965,NA,SW,SD,C,CP,203,CO
SW-SD-CC203,11,1,2123,871,797,305,772,664,0,250,30,155,NA,SW,SD,C,CP,203,CO
SW-SD-CC203,14,1,2744,1106,1004,333,1103,0,0,105,190,150,NA,SW,SD,C,CP,203,CO
SW-SD-HC007,7,1,5155,2282,2114,457,1875,539,0,140,30,35,NA,SW,SD,H,CP,7,TP
SW-SD-HC007,9,1,4372,1975,1848,1358,1434,664,0,10,55,945,NA,SW,SD,H,CP,7,TP
SW-SD-HC007,11,1,4563,1950,1793,693,1323,0,0,130,45,995,NA,SW,SD,H,CP,7,TP
SW-SD-HC007,14,1,3863,1656,1522,1400,1103,266,0,35,20,640,NA,SW,SD,H,CP,7,TP
SW-SD-HC035,7,1,3780,1571,1420,887,1213,1704,0,115,25,445,NA,SW,SD,H,CP,35,TE
SW-SD-HC035,9,1,2168,899,802,1053,2426,477,0,30,15,560,NA,SW,SD,H,CP,35,TE
SW-SD-HC035,11,1,2487,1072,980,679,1764,0,0,215,45,470,NA,SW,SD,H,CP,35,TE
SW-SD-HC035,14,1,2400,1037,952,748,1544,0,0,125,165,75,NA,SW,SD,H,CP,35,TE
SW-SD-HC080,7,1,4573,1846,1677,665,993,1704,0,65,5,225,NA,SW,SD,H,CP,80,TE
SW-SD-HC080,9,1,5394,2150,1948,291,1103,0,0,25,15,515,NA,SW,SD,H,CP,80,TE
SW-SD-HC080,11,1,5340,2135,1933,887,1654,0,0,120,10,355,NA,SW,SD,H,CP,80,TE
SW-SD-HC080,14,1,4394,1798,1635,984,882,539,0,55,30,365,NA,SW,SD,H,CP,80,TE
SW-SD-HC100,7,1,3548,1566,1447,527,662,0,0,170,25,40,NA,SW,SD,H,CP,100,TP
SW-SD-HC100,9,1,2848,1308,1215,541,1764,2917,0,20,10,765,NA,SW,SD,H,CP,100,TP
SW-SD-HC100,11,1,3339,1461,1338,236,662,0,0,95,20,840,NA,SW,SD,H,CP,100,TP
SW-SD-HC100,14,1,3831,1632,1489,499,2095,0,0,55,10,390,NA,SW,SD,H,CP,100,TP
SW-SD-HC105,7,1,5962,2380,2098,55,221,0,0,105,10,270,NA,SW,SD,H,CP,105,TP
SW-SD-HC105,9,1,9171,3558,3179,194,0,0,0,10,10,335,NA,SW,SD,H,CP,105,TP
SW-SD-HC105,11,1,6626,2583,2322,194,0,0,0,65,40,1525,NA,SW,SD,H,CP,105,TP
SW-SD-HC105,14,1,6830,2634,2350,513,0,0,0,25,40,265,NA,SW,SD,H,CP,105,TP
SW-SD-HC111,7,1,4673,2044,1893,887,1875,2746,0,85,5,1760,NA,SW,SD,H,CP,111,TE
SW-SD-HC111,9,1,3472,1497,1349,1331,3308,1345,0,65,25,1940,NA,SW,SD,H,CP,111,TE
SW-SD-HC111,11,1,4444,1970,1801,776,2867,477,0,245,10,2005,NA,SW,SD,H,CP,111,TE
SW-SD-HC111,14,1,4295,1833,1660,651,1764,329,0,100,60,530,NA,SW,SD,H,CP,111,TE
SW-SD-HC113,7,1,2924,1345,1160,263,221,0,0,115,15,105,NA,SW,SD,H,CP,113,TE
SW-SD-HC113,9,1,3718,1701,1466,541,0,911,0,35,5,510,NA,SW,SD,H,CP,113,TE
SW-SD-HC113,11,1,2056,951,831,139,110,1187,0,165,20,260,NA,SW,SD,H,CP,113,TE
SW-SD-HC113,14,1,2760,1263,1148,1317,331,3884,0,70,30,845,NA,SW,SD,H,CP,113,TE
SW-SD-HC113,16,1,NA,NA,NA,NA,NA,NA,NA,NA,NA,395,130,SW,SD,H,CP,113,TE
SW-SD-HC139,7,1,6013,2621,2431,305,110,0,0,95,5,1460,NA,SW,SD,H,CP,139,TP
SW-SD-HC139,9,1,2993,1377,1290,291,441,0,0,10,185,1500,NA,SW,SD,H,CP,139,TP
SW-SD-HC139,11,1,79,33,25,541,3088,0,0,40,55,180,NA,SW,SD,H,CP,139,TP
SW-SD-HC139,14,1,138,109,24,1247,441,556,0,160,370,1355,NA,SW,SD,H,CP,139,TP
SW-SD-HC145,7,1,3452,1549,1412,568,441,1276,0,55,15,130,NA,SW,SD,H,CP,145,TE
SW-SD-HC145,9,1,3171,1351,1213,1649,1985,329,0,190,5,245,NA,SW,SD,H,CP,145,TE
SW-SD-HC145,11,1,2371,1088,1011,402,1434,211,0,175,20,360,NA,SW,SD,H,CP,145,TE
SW-SD-HC145,14,1,2465,1064,958,582,1544,727,0,25,25,290,NA,SW,SD,H,CP,145,TE
SW-SD-HC148,7,1,2685,1237,1133,388,110,0,0,60,20,265,NA,SW,SD,H,CP,148,TE
SW-SD-HC148,9,1,1936,927,840,610,110,0,0,35,20,770,NA,SW,SD,H,CP,148,TE
SW-SD-HC148,11,1,1529,719,666,152,0,0,0,65,25,185,NA,SW,SD,H,CP,148,TE
SW-SD-HC148,14,1,1337,628,572,222,0,0,0,270,245,190,NA,SW,SD,H,CP,148,TE
SW-SD-HC148,16,1,NA,NA,NA,NA,NA,NA,NA,NA,NA,215,505,SW,SD,H,CP,148,TE
SW-SD-HC152,7,1,1555,682,628,55,0,0,0,60,20,165,NA,SW,SD,H,CP,152,TP
SW-SD-HC152,9,1,1692,740,677,638,993,0,0,10,5,875,NA,SW,SD,H,CP,152,TP
SW-SD-HC152,11,1,150,67,60,1137,1434,0,0,80,20,325,NA,SW,SD,H,CP,152,TP
SW-SD-HC152,14,1,512,169,61,818,772,0,0,70,425,365,NA,SW,SD,H,CP,152,TP
SW-SD-HC152,16,1,NA,NA,NA,NA,NA,NA,NA,NA,NA,660,925,SW,SD,H,CP,152,TP
SW-SD-HC164,7,1,2090,927,860,277,221,0,0,80,35,525,NA,SW,SD,H,CP,164,TP
SW-SD-HC164,9,1,2735,1200,1106,430,0,0,0,20,5,285,NA,SW,SD,H,CP,164,TP
SW-SD-HC164,11,1,1312,564,521,735,993,0,0,95,25,235,NA,SW,SD,H,CP,164,TP
SW-SD-HC164,14,1,1502,631,576,1331,551,0,0,185,250,315,NA,SW,SD,H,CP,164,TP
SW-SD-HC164,16,1,NA,NA,NA,NA,NA,NA,NA,NA,NA,460,265,SW,SD,H,CP,164,TP
SW-SD-HC175,7,1,4046,1923,1724,554,0,0,0,30,40,530,NA,SW,SD,H,CP,175,TE
SW-SD-HC175,9,1,2290,1147,1002,249,0,0,0,20,5,595,NA,SW,SD,H,CP,175,TE
SW-SD-HC175,11,1,813,401,329,984,662,0,0,185,235,385,NA,SW,SD,H,CP,175,TE
SW-SD-HC175,14,1,1080,503,375,1053,882,0,0,65,115,205,NA,SW,SD,H,CP,175,TE
SW-SD-HC178,7,1,4131,1832,1688,180,0,0,0,170,130,165,NA,SW,SD,H,CP,178,TP
SW-SD-HC178,9,1,2916,1301,1171,471,110,0,0,20,270,1460,NA,SW,SD,H,CP,178,TP
SW-SD-HC178,11,1,356,160,147,527,441,0,0,115,65,285,NA,SW,SD,H,CP,178,TP
SW-SD-HC178,14,1,278,129,120,748,441,0,0,240,275,350,NA,SW,SD,H,CP,178,TP
SW-SD-HC179,7,1,5738,2272,2048,194,0,0,0,75,15,35,NA,SW,SD,H,CP,179,TE
SW-SD-HC179,9,1,3347,1344,1219,721,0,0,0,35,5,350,NA,SW,SD,H,CP,179,TE
SW-SD-HC179,11,1,20,8,5,1109,1875,0,0,70,35,440,NA,SW,SD,H,CP,179,TE
SW-SD-HC179,14,1,0,0,0,1026,551,0,0,125,595,575,NA,SW,SD,H,CP,179,TE
SW-SD-HC179,16,1,NA,NA,NA,NA,NA,NA,NA,NA,NA,1025,690,SW,SD,H,CP,179,TE
SW-SD-HC187,7,1,6336,2577,2299,430,0,0,0,100,45,950,NA,SW,SD,H,CP,187,TE
SW-SD-HC187,9,1,4431,1848,1676,249,110,0,0,40,55,450,NA,SW,SD,H,CP,187,TE
SW-SD-HC187,11,1,1105,488,437,929,441,0,0,100,25,345,NA,SW,SD,H,CP,187,TE
SW-SD-HC187,14,1,586,272,215,651,110,0,0,155,315,185,NA,SW,SD,H,CP,187,TE
SW-SD-HC195,7,1,3978,1864,1742,527,0,0,0,55,25,70,NA,SW,SD,H,CP,195,TP
SW-SD-HC195,9,1,3379,1555,1434,596,0,0,0,15,25,635,NA,SW,SD,H,CP,195,TP
SW-SD-HC195,11,1,216,106,81,1137,1985,474,0,140,40,130,NA,SW,SD,H,CP,195,TP
SW-SD-HC195,14,1,548,204,121,2148,1654,664,0,40,85,90,NA,SW,SD,H,CP,195,TP
SW-SD-HC208,7,1,4099,1746,1635,291,110,0,0,85,5,1075,NA,SW,SD,H,CP,208,TP
SW-SD-HC208,9,1,2404,1004,924,319,110,0,0,10,10,390,NA,SW,SD,H,CP,208,TP
SW-SD-HC208,11,1,125,52,33,984,1213,0,0,40,10,900,NA,SW,SD,H,CP,208,TP
SW-SD-HC208,14,1,215,58,8,1372,1764,0,0,120,150,455,NA,SW,SD,H,CP,208,TP
SW-SD-HC208,16,1,NA,NA,NA,NA,NA,NA,NA,NA,NA,200,530,SW,SD,H,CP,208,TP
SW-SD-MC004,7,1,2039,918,836,194,993,0,0,165,25,155,NA,SW,SD,M,CP,4,MO
SW-SD-MC004,9,1,94,47,37,2523,1654,161,0,40,0,460,NA,SW,SD,M,CP,4,MO
SW-SD-MC004,11,1,199,113,105,776,2095,0,0,590,340,1915,NA,SW,SD,M,CP,4,MO
SW-SD-MC004,14,1,309,157,138,1996,6176,0,0,350,480,705,NA,SW,SD,M,CP,4,MO
SW-SD-MC021,7,1,3991,1797,1626,471,662,474,0,40,15,125,NA,SW,SD,M,CP,21,MP
SW-SD-MC021,9,1,159,79,67,942,5404,5193,0,60,0,1030,NA,SW,SD,M,CP,21,MP
SW-SD-MC021,11,1,267,161,150,2689,3198,266,0,455,35,820,NA,SW,SD,M,CP,21,MP
SW-SD-MC021,14,1,384,207,200,998,1764,4828,0,210,95,470,NA,SW,SD,M,CP,21,MP
SW-SD-MC021,16,1,NA,NA,NA,NA,NA,NA,NA,NA,NA,265,970,SW,SD,M,CP,21,MP
SW-SD-MC042,7,1,2485,1096,1018,125,993,556,0,175,20,140,NA,SW,SD,M,CP,42,MO
SW-SD-MC042,9,1,53,26,20,984,2757,1796,0,40,10,3320,NA,SW,SD,M,CP,42,MO
SW-SD-MC042,11,1,102,56,48,1344,2426,1549,0,465,65,670,NA,SW,SD,M,CP,42,MO
SW-SD-MC042,14,1,161,83,76,1178,1654,954,0,220,215,445,NA,SW,SD,M,CP,42,MO
SW-SD-MC042,16,1,NA,NA,NA,NA,NA,NA,NA,NA,NA,370,630,SW,SD,M,CP,42,MO
SW-SD-MC069,7,1,573,280,260,416,1434,0,0,105,5,125,NA,SW,SD,M,CP,69,MO
SW-SD-MC069,9,1,155,75,54,790,2095,1056,0,205,25,460,NA,SW,SD,M,CP,69,MO
SW-SD-MC069,11,1,257,129,101,1746,1875,329,0,375,515,580,NA,SW,SD,M,CP,69,MO
SW-SD-MC069,14,1,222,117,100,610,882,3190,0,180,250,1305,NA,SW,SD,M,CP,69,MO
SW-SD-MC079,7,1,362,182,164,194,110,0,0,205,15,285,NA,SW,SD,M,CP,79,MP
SW-SD-MC079,9,1,287,128,102,3548,441,211,0,90,15,1335,NA,SW,SD,M,CP,79,MP
SW-SD-MC079,11,1,511,235,176,790,882,266,0,415,165,670,NA,SW,SD,M,CP,79,MP
SW-SD-MC079,14,1,828,439,370,679,662,266,0,765,840,190,NA,SW,SD,M,CP,79,MP
SW-SD-MC107,7,1,583,262,243,111,331,1201,0,225,20,115,NA,SW,SD,M,CP,107,MP
SW-SD-MC107,9,1,22,10,5,1053,2978,398,0,275,10,1635,NA,SW,SD,M,CP,107,MP
SW-SD-MC107,11,1,60,33,29,929,1544,0,0,575,160,1290,NA,SW,SD,M,CP,107,MP
SW-SD-MC107,14,1,197,90,72,2412,3529,1191,0,380,315,580,NA,SW,SD,M,CP,107,MP
SW-SD-MC111,7,1,2070,916,852,374,1654,1602,0,65,5,255,NA,SW,SD,M,CP,111,MO
SW-SD-MC111,9,1,209,104,84,3507,2978,740,0,40,0,1740,NA,SW,SD,M,CP,111,MO
SW-SD-MC111,11,1,527,277,250,1247,2206,0,0,445,140,820,NA,SW,SD,M,CP,111,MO
SW-SD-MC111,14,1,977,506,472,2134,6617,2769,0,125,90,330,NA,SW,SD,M,CP,111,MO
SW-SD-MC113,7,1,2838,1177,1081,28,0,0,0,145,25,175,NA,SW,SD,M,CP,113,MO
SW-SD-MC113,9,1,46,24,20,887,1654,0,0,30,0,1660,NA,SW,SD,M,CP,113,MO
SW-SD-MC113,11,1,145,76,66,1164,1764,0,0,505,145,890,NA,SW,SD,M,CP,113,MO
SW-SD-MC113,14,1,679,364,335,2495,1985,0,0,85,80,340,NA,SW,SD,M,CP,113,MO
SW-SD-MC121,7,1,1240,520,471,222,882,0,0,250,45,160,NA,SW,SD,M,CP,121,MO
SW-SD-MC121,9,1,195,83,52,998,4301,5914,0,85,10,1965,NA,SW,SD,M,CP,121,MO
SW-SD-MC121,11,1,188,94,73,1691,2426,329,0,710,400,865,NA,SW,SD,M,CP,121,MO
SW-SD-MC121,14,1,271,143,126,3437,1103,4151,0,760,345,550,NA,SW,SD,M,CP,121,MO
SW-SD-MC121,16,1,NA,NA,NA,NA,NA,NA,NA,NA,NA,1270,1255,SW,SD,M,CP,121,MO
SW-SD-MC140,7,1,1016,461,433,416,221,0,0,110,40,300,NA,SW,SD,M,CP,140,MP
SW-SD-MC140,9,1,12,4,1,2980,4080,0,0,0,10,1275,NA,SW,SD,M,CP,140,MP
SW-SD-MC140,11,1,118,53,39,845,1103,0,0,815,525,1220,NA,SW,SD,M,CP,140,MP
SW-SD-MC140,14,1,100,50,39,582,551,1006,0,520,625,465,NA,SW,SD,M,CP,140,MP
SW-SD-MC162,7,1,3219,1573,1471,249,772,1404,0,145,5,65,NA,SW,SD,M,CP,162,MP
SW-SD-MC162,9,1,124,58,44,3216,441,740,0,125,45,925,NA,SW,SD,M,CP,162,MP
SW-SD-MC162,11,1,184,112,108,984,1544,806,0,705,305,585,NA,SW,SD,M,CP,162,MP
SW-SD-MC162,14,1,189,106,98,942,1434,740,0,530,415,585,NA,SW,SD,M,CP,162,MP
SW-SD-MC172,7,1,1596,794,729,42,331,0,0,105,65,195,NA,SW,SD,M,CP,172,MO
SW-SD-MC172,9,1,70,26,13,1663,1985,398,0,225,30,1555,NA,SW,SD,M,CP,172,MO
SW-SD-MC172,11,1,99,47,32,1095,2647,329,0,445,250,1585,NA,SW,SD,M,CP,172,MO
SW-SD-MC172,14,1,214,112,95,2578,1323,796,0,230,360,350,NA,SW,SD,M,CP,172,MO
SW-SD-MC174,7,1,361,177,157,152,0,0,0,255,75,200,NA,SW,SD,M,CP,174,MP
SW-SD-MC174,9,1,6,2,0,1123,2426,1056,0,25,30,1070,NA,SW,SD,M,CP,174,MP
SW-SD-MC174,11,1,17,7,5,1538,441,0,0,100,355,735,NA,SW,SD,M,CP,174,MP
SW-SD-MC174,14,1,19,11,10,1289,662,266,0,350,600,350,NA,SW,SD,M,CP,174,MP
SW-SD-MC174,16,1,NA,NA,NA,NA,NA,NA,NA,NA,NA,405,1285,SW,SD,M,CP,174,MP
SW-SD-MC177,7,1,5392,2286,2002,125,331,329,0,140,15,95,NA,SW,SD,M,CP,177,MO
SW-SD-MC177,9,1,16,4,0,1538,3529,1279,0,100,5,1825,NA,SW,SD,M,CP,177,MO
SW-SD-MC177,11,1,15,5,2,1497,662,664,0,455,545,1425,NA,SW,SD,M,CP,177,MO
SW-SD-MC177,14,1,7,5,3,1913,4191,947,0,630,445,965,NA,SW,SD,M,CP,177,MO
SW-SD-MC186,7,1,2031,941,838,333,110,266,0,140,15,125,NA,SW,SD,M,CP,186,MO
SW-SD-MC186,9,1,53,17,5,1816,3308,0,0,115,65,1400,NA,SW,SD,M,CP,186,MO
SW-SD-MC186,11,1,109,53,39,998,1434,0,0,275,270,745,NA,SW,SD,M,CP,186,MO
SW-SD-MC186,14,1,119,66,56,2523,3088,0,0,320,360,665,NA,SW,SD,M,CP,186,MO
SW-SD-MC186,16,1,NA,NA,NA,NA,NA,NA,NA,NA,NA,230,890,SW,SD,M,CP,186,MO
SW-SD-MC195,7,1,4048,1624,1443,471,1213,329,0,780,15,425,NA,SW,SD,M,CP,195,MP
SW-SD-MC195,9,1,150,63,40,776,2316,4509,0,110,15,1780,NA,SW,SD,M,CP,195,MP
SW-SD-MC195,11,1,410,203,170,1178,2206,1056,0,625,150,1225,NA,SW,SD,M,CP,195,MP
SW-SD-MC195,14,1,880,422,377,1414,2206,595,0,460,730,795,NA,SW,SD,M,CP,195,MP
SW-SD-MC203,7,1,301,149,127,596,221,266,0,205,50,275,NA,SW,SD,M,CP,203,MP
SW-SD-MC203,9,1,80,26,8,1289,3970,3102,0,265,70,2025,NA,SW,SD,M,CP,203,MP
SW-SD-MC203,11,1,94,47,36,1400,1434,0,0,520,565,1360,NA,SW,SD,M,CP,203,MP
SW-SD-MC203,14,1,151,80,71,554,7389,0,0,460,735,360,NA,SW,SD,M,CP,203,MP
SW-SD-MC203,16,1,NA,NA,NA,NA,NA,NA,NA,NA,NA,365,1590,SW,SD,M,CP,203,MP
SW-SD-MC211,7,1,4447,1787,1592,291,551,266,0,145,25,230,NA,SW,SD,M,CP,211,MP
SW-SD-MC211,9,1,37,14,7,1344,4411,947,0,90,20,1645,NA,SW,SD,M,CP,211,MP
SW-SD-MC211,11,1,27,13,8,1012,1544,0,0,745,240,1660,NA,SW,SD,M,CP,211,MP
SW-SD-MC211,14,1,74,37,31,790,993,533,0,875,515,975,NA,SW,SD,M,CP,211,MP
,,,,,,,,,,,,,,,,,,,
,,,,,,,,,,,,,,,,,,,
,,,9.78125,,,,,,,,,,,,,,,,
