"subplot_id","year","speriod","dwd_fuel_10h","dwd_fuel_100h","dwd_fuel_1000h_s","dwd_fuel_1000h_r","tree_ltr_ld","tree_duff_ld","tree_ltr_depth","tree_duff_depth","tree_ltr_bulkd","tree_duff_bulkd","tree_cover_ttl","tree_cvr_JUOS","tree_cvr_PIED","tree_cvr_PIMO","live_tree_ltr_duff_ld","dead_tree_ltr_duff_ld","tree_ltr_duff_ld","rcode","scode","pcode","ptype","sp_number","treatment","sp_phase"
"JP-GR-BC006","17","001",568,772,266,200,NA,NA,NA,NA,NA,NA,0,0,0,0,NA,NA,0,"JP","GR","B","CP","006","FI","1"
"JP-GR-BC009","17","001",998,1434,1375,0,NA,NA,NA,NA,NA,NA,1.5,0,1.5,0,NA,1191,1191,"JP","GR","B","CP","009","FI","2"
"JP-GR-BC013","17","001",901,1985,0,760,NA,NA,NA,NA,NA,NA,0,0,0,0,NA,NA,0,"JP","GR","B","CP","013","FI","1"
"JP-GR-BC014","17","001",721,1434,1858,0,NA,NA,NA,NA,NA,NA,3.4,0,3.4,0,NA,0,0,"JP","GR","B","CP","014","FI","2"
"JP-GR-BC018","17","001",1635,882,842,0,NA,NA,NA,NA,NA,NA,3.2,0,3.2,0,NA,618,618,"JP","GR","B","CP","018","FI","2"
"JP-GR-BC020","17","001",374,221,595,0,NA,NA,NA,NA,NA,NA,2.4,0,2.4,0,NA,683,683,"JP","GR","B","CP","020","FI","1"
"JP-GR-BC026","17","001",208,772,0,513,NA,NA,NA,NA,NA,NA,1.6,0,1.6,0,NA,343,343,"JP","GR","B","CP","026","FI","2"
"JP-GR-BC027","17","001",1095,1764,211,493,NA,NA,NA,NA,NA,NA,0,0,0,0,NA,1,1,"JP","GR","B","CP","027","FI","1"
"JP-GR-BC030","17","001",1150,2095,421,513,NA,NA,NA,NA,NA,NA,2.2,2,0.2,0,NA,616,616,"JP","GR","B","CP","030","FI","1"
"JP-GR-BC031","17","001",901,1544,3207,1300,NA,NA,NA,NA,NA,NA,3,3,0,0,NA,850,850,"JP","GR","B","CP","031","FI","2"
"JP-GR-BC033","17","001",1261,2647,3871,247,NA,NA,NA,NA,NA,NA,16,4.3,11.7,0,NA,10291,10291,"JP","GR","B","CP","033","FI","3"
"JP-GR-BC034","17","001",776,2757,2635,358,NA,NA,NA,NA,NA,NA,17.2,2.7,14.5,0,NA,8605,8605,"JP","GR","B","CP","034","FI","3"
"JP-GR-BC036","17","001",1040,2867,951,0,NA,NA,NA,NA,NA,NA,0.8,0,0.8,0,NA,120,120,"JP","GR","B","CP","036","FI","2"
"JP-GR-BC037","17","001",1317,3198,1260,0,NA,NA,NA,NA,NA,NA,16.4,1.1,15.3,0,NA,5394,5394,"JP","GR","B","CP","037","FI","3"
"JP-GR-BC038","17","001",1303,1323,2796,0,NA,NA,NA,NA,NA,NA,23.2,4.9,18.3,0,NA,7010,7010,"JP","GR","B","CP","038","FI","3"
"JP-GR-CC003","17","001",1109,1764,0,631,NA,NA,NA,NA,NA,NA,45.9,16.9,29,0,33425,NA,33425,"JP","GR","C","CP","003","CO","3"
"JP-GR-CC004","17","001",679,882,740,2306,NA,NA,NA,NA,NA,NA,27.3,11.1,16.2,0,18641,NA,18641,"JP","GR","C","CP","004","CO","3"
"JP-GR-CC006","17","001",693,772,477,513,NA,NA,NA,NA,NA,NA,28.3,6.8,21.5,0,21523,NA,21523,"JP","GR","C","CP","006","CO","2"
"JP-GR-CC007","17","001",388,1323,398,0,NA,NA,NA,NA,NA,NA,41.6,17,24.6,0,19051,NA,19051,"JP","GR","C","CP","007","CO","3"
"JP-GR-CC008","17","001",1234,1985,211,200,NA,NA,NA,NA,NA,NA,30.9,14.2,16.7,0,22897,NA,22897,"JP","GR","C","CP","008","CO","2"
"JP-GR-CC013","17","001",333,772,0,772,NA,NA,NA,NA,NA,NA,55.1,15.8,39.3,0,23157,NA,23157,"JP","GR","C","CP","013","CO","3"
"JP-GR-CC016","17","001",1220,1875,266,920,NA,NA,NA,NA,NA,NA,36.1,7.9,27.7,0.5,17594,NA,17594,"JP","GR","C","CP","016","CO","3"
"JP-GR-CC017","17","001",444,441,161,575,NA,NA,NA,NA,NA,NA,20.7,6.7,14,0,8851,NA,8851,"JP","GR","C","CP","017","CO","2"
"JP-GR-CC018","17","001",513,772,533,358,NA,NA,NA,NA,NA,NA,60.3,14.7,45.6,0,30686,NA,30686,"JP","GR","C","CP","018","CO","3"
"JP-GR-CC027","17","001",693,2095,1270,158,NA,NA,NA,NA,NA,NA,38.9,19.8,19.1,0,43277,NA,43277,"JP","GR","C","CP","027","CO","2"
"JP-GR-CC029","17","001",1164,2647,0,878,NA,NA,NA,NA,NA,NA,7.4,1.3,6.1,0,5152,1131,6283,"JP","GR","C","CP","029","CO","1"
"JP-GR-CC031","17","001",1026,772,0,599,NA,NA,NA,NA,NA,NA,15,7.6,6.6,0.8,8705,NA,8705,"JP","GR","C","CP","031","CO","1"
"JP-GR-CC033","17","001",1067,1544,819,158,NA,NA,NA,NA,NA,NA,29.9,16.6,13.3,0,15243,NA,15243,"JP","GR","C","CP","033","CO","2"
"JP-GR-CC034","17","001",1760,1764,0,1157,NA,NA,NA,NA,NA,NA,8.1,2.2,5.9,0,3535,3036,6571,"JP","GR","C","CP","034","CO","1"
"JP-GR-CC038","17","001",1109,2095,0,316,NA,NA,NA,NA,NA,NA,8.3,4.4,3.8,0.1,3631,NA,3631,"JP","GR","C","CP","038","CO","1"
"JP-GR-GC001","17","001",1899,4411,11578,0,NA,NA,NA,NA,NA,NA,2.6,2.2,0.4,0,735,1559,2294,"JP","GR","G","CP","001","BM","3"
"JP-GR-GC003","17","001",2814,6396,8867,3596,NA,NA,NA,NA,NA,NA,2.3,2.3,0,0,1158,1447,2605,"JP","GR","G","CP","003","BM","3"
"JP-GR-GC005","17","001",1816,3750,5407,0,NA,NA,NA,NA,NA,NA,2,2,0,0,NA,1327,1327,"JP","GR","G","CP","005","BM","3"
"JP-GR-GC010","17","001",2024,2316,750,0,NA,NA,NA,NA,NA,NA,1.4,1.1,0.3,0,NA,783,783,"JP","GR","G","CP","010","BM","2"
"JP-GR-GC011","17","001",291,993,477,0,NA,NA,NA,NA,NA,NA,0.3,0.3,0,0,NA,195,195,"JP","GR","G","CP","011","BM","1"
"JP-GR-GC015","17","001",1843,1764,7930,0,NA,NA,NA,NA,NA,NA,2.4,1.5,0.9,0,941,1645,2586,"JP","GR","G","CP","015","BM","2"
"JP-GR-GC016","17","001",610,993,1309,617,NA,NA,NA,NA,NA,NA,0.9,0.7,0.2,0,NA,430,430,"JP","GR","G","CP","016","BM","2"
"JP-GR-GC018","17","001",3132,2316,0,1707,NA,NA,NA,NA,NA,NA,1,0.8,0.2,0,NA,831,831,"JP","GR","G","CP","018","BM","2"
"JP-GR-GC021","17","001",956,3529,1783,158,NA,NA,NA,NA,NA,NA,1,0.9,0.1,0,NA,561,561,"JP","GR","G","CP","021","BM","1"
"JP-GR-GC026","17","001",2730,5404,1372,0,NA,NA,NA,NA,NA,NA,0.4,0.3,0.1,0,NA,237,237,"JP","GR","G","CP","026","BM","1"
"JP-GR-GC027","17","001",277,1544,0,654,NA,NA,NA,NA,NA,NA,1.1,0.9,0.2,0,NA,679,679,"JP","GR","G","CP","027","BM","1"
"JP-GR-GC028","17","001",1234,2647,539,516,NA,NA,NA,NA,NA,NA,1.1,1,0.1,0,NA,716,716,"JP","GR","G","CP","028","BM","2"
"JP-GR-GC029","17","001",1552,3529,3871,0,NA,NA,NA,NA,NA,NA,1.5,1,0.5,0,NA,950,950,"JP","GR","G","CP","029","BM","3"
"JP-GR-GC031","17","001",1746,4742,266,713,NA,NA,NA,NA,NA,NA,1,1,0,0,NA,15,15,"JP","GR","G","CP","031","BM","1"
"JP-GR-GC035","17","001",2717,3860,0,7851,NA,NA,NA,NA,NA,NA,1.6,0.9,0.7,0,NA,862,862,"JP","GR","G","CP","035","BM","2"
"JP-GR-MC001","17","001",1261,3639,329,158,NA,NA,NA,NA,NA,NA,0.4,0.2,0.2,0,NA,257,257,"JP","GR","M","CP","001","ME","2"
"JP-GR-MC005","17","001",263,882,842,0,NA,NA,NA,NA,NA,NA,0.4,0.2,0.2,0,NA,136,136,"JP","GR","M","CP","005","ME","1"
"JP-GR-MC006","17","001",1109,1103,1467,641,NA,NA,NA,NA,NA,NA,0.1,0.1,0,0,NA,15,15,"JP","GR","M","CP","006","ME","1"
"JP-GR-MC009","17","001",1289,3639,11627,0,NA,NA,NA,NA,NA,NA,2.9,1,1.9,0,NA,2360,2360,"JP","GR","M","CP","009","ME","3"
"JP-GR-MC012","17","001",1344,2426,750,0,NA,NA,NA,NA,NA,NA,0.4,0.3,0.1,0,NA,107,107,"JP","GR","M","CP","012","ME","2"
"JP-GR-MC013","17","001",984,1985,211,2792,NA,NA,NA,NA,NA,NA,0.6,0.6,0,0,NA,313,313,"JP","GR","M","CP","013","ME","2"
"JP-GR-MC018","17","001",1525,2536,5838,417,NA,NA,NA,NA,NA,NA,2.3,0.8,1.5,0,NA,476,476,"JP","GR","M","CP","018","ME","3"
"JP-GR-MC020","17","001",416,3860,10683,0,NA,NA,NA,NA,NA,NA,2.7,2.4,0.3,0,1232,716,1948,"JP","GR","M","CP","020","ME","3"
"JP-GR-MC021","17","001",915,2647,6351,400,NA,NA,NA,NA,NA,NA,0.3,0.3,0,0,NA,10,10,"JP","GR","M","CP","021","ME","2"
"JP-GR-MC022","17","001",1081,1544,1138,663,NA,NA,NA,NA,NA,NA,1.8,1.8,0,0,NA,764,764,"JP","GR","M","CP","022","ME","2"
"JP-GR-MC026","17","001",1511,4191,3236,2220,NA,NA,NA,NA,NA,NA,0.6,0.3,0.3,0,NA,124,124,"JP","GR","M","CP","026","ME","3"
"JP-GR-MC028","17","001",2259,9594,27605,631,NA,NA,NA,NA,NA,NA,0.9,0.8,0.1,0,NA,226,226,"JP","GR","M","CP","028","ME","3"
"JP-GR-MC029","17","001",2453,5183,10203,545,NA,NA,NA,NA,NA,NA,1.1,0.8,0.3,0,NA,390,390,"JP","GR","M","CP","029","ME","3"
"JP-GR-MC031","17","001",665,3198,1447,355,NA,NA,NA,NA,NA,NA,NA,NA,NA,NA,NA,NA,0,"JP","GR","M","CP","031","ME","1"
"JP-GR-MC039","17","001",166,1654,1743,0,NA,NA,NA,NA,NA,NA,0,0,0,0,NA,5,5,"JP","GR","M","CP","039","ME","1"
"JP-ON-BC002","16","001",1331,1764,3421,0,NA,NA,NA,NA,NA,NA,0,0,0,0,NA,2,2,"JP","ON","B","CP","002","FI","2"
"JP-ON-BC005","16","001",665,1764,0,0,NA,NA,NA,NA,NA,NA,0,0,0,0,NA,NA,0,"JP","ON","B","CP","005","FI","1"
"JP-ON-BC009","16","001",166,0,842,0,NA,NA,NA,NA,NA,NA,6.5,6.5,0,0,NA,1420,1420,"JP","ON","B","CP","009","FI","2"
"JP-ON-BC014","16","001",388,0,0,0,NA,NA,NA,NA,NA,NA,0,0,0,0,NA,NA,0,"JP","ON","B","CP","014","FI","1"
"JP-ON-BC016","16","001",1331,14116,0,0,NA,NA,NA,NA,NA,NA,2.6,2.6,0,0,NA,281,281,"JP","ON","B","CP","016","FI","3"
"JP-ON-BC017","16","001",222,11028,645,0,NA,NA,NA,NA,NA,NA,7.4,7.4,0,0,NA,1333,1333,"JP","ON","B","CP","017","FI","3"
"JP-ON-BC018","16","001",2162,1764,1895,0,NA,NA,NA,NA,NA,NA,6.7,6.7,0,0,NA,2056,2056,"JP","ON","B","CP","018","FI","3"
"JP-ON-BC021","16","001",610,1323,0,0,NA,NA,NA,NA,NA,NA,0,0,0,0,NA,NA,0,"JP","ON","B","CP","021","FI","2"
"JP-ON-BC023","16","001",1164,441,1066,0,NA,NA,NA,NA,NA,NA,0,0,0,0,NA,NA,0,"JP","ON","B","CP","023","FI","1"
"JP-ON-BC024","16","001",942,882,4539,0,NA,NA,NA,NA,NA,NA,12.6,12.6,0,0,NA,1933,1933,"JP","ON","B","CP","024","FI","3"
"JP-ON-BC025","16","001",2994,3088,1066,0,NA,NA,NA,NA,NA,NA,8.7,8.7,0,0,NA,1342,1342,"JP","ON","B","CP","025","FI","3"
"JP-ON-BC027","16","001",2661,3970,1592,0,NA,NA,NA,NA,NA,NA,0,0,0,0,NA,NA,0,"JP","ON","B","CP","027","FI","2"
"JP-ON-BC031","16","001",3271,6176,0,0,NA,NA,NA,NA,NA,NA,0,0,0,0,NA,NA,0,"JP","ON","B","CP","031","FI","2"
"JP-ON-BC032","16","001",1441,13234,0,483,NA,NA,NA,NA,NA,NA,9.7,9.7,0,0,NA,2848,2848,"JP","ON","B","CP","032","FI","2"
"JP-ON-BC033","16","001",1220,1764,1895,0,NA,NA,NA,NA,NA,NA,0,0,0,0,NA,2,2,"JP","ON","B","CP","033","FI","2"
"JP-ON-BC035","16","001",3714,8381,5263,0,NA,NA,NA,NA,NA,NA,1.7,1.7,0,0,NA,327,327,"JP","ON","B","CP","035","FI","3"
"JP-ON-BC036","16","001",2938,1764,0,0,NA,NA,NA,NA,NA,NA,0,0,0,0,NA,NA,0,"JP","ON","B","CP","036","FI","2"
"JP-ON-BCD01",NA,NA,NA,NA,NA,NA,NA,NA,NA,NA,NA,NA,NA,NA,NA,NA,NA,NA,NA,NA,NA,NA,NA,NA,NA,NA
"JP-ON-CC000","16","001",541,441,477,0,NA,NA,NA,NA,NA,NA,15.9,15.9,0,0,18384,NA,18384,"JP","ON","C","CP","000","CO","2"
"JP-ON-CC002","16","001",388,1323,0,0,NA,NA,NA,NA,NA,NA,19.6,19.6,0,0,18897,NA,18897,"JP","ON","C","CP","002","CO","2"
"JP-ON-CC004","16","001",1331,1323,0,0,NA,NA,NA,NA,NA,NA,30.3,30.3,0,0,29504,NA,29504,"JP","ON","C","CP","004","CO","3"
"JP-ON-CC006","16","001",582,1103,322,355,NA,NA,NA,NA,NA,NA,11.5,11.5,0,0,7005,NA,7005,"JP","ON","C","CP","006","CO","1"
"JP-ON-CC008","16","001",513,1544,885,0,NA,NA,NA,NA,NA,NA,15.9,15.9,0,0,21877,NA,21877,"JP","ON","C","CP","008","CO","2"
"JP-ON-CC012","16","001",735,993,266,0,NA,NA,NA,NA,NA,NA,12.5,12.5,0,0,12689,NA,12689,"JP","ON","C","CP","012","CO","1"
"JP-ON-CC013","16","001",333,662,372,0,NA,NA,NA,NA,NA,NA,18.4,18.4,0,0,6835,NA,6835,"JP","ON","C","CP","013","CO","1"
"JP-ON-CC014","16","001",333,993,211,200,NA,NA,NA,NA,NA,NA,2.8,2.8,0,0,2935,NA,2935,"JP","ON","C","CP","014","CO","1"
"JP-ON-CC020","16","001",236,331,211,0,NA,NA,NA,NA,NA,NA,27.1,27.1,0,0,34097,NA,34097,"JP","ON","C","CP","020","CO","2"
"JP-ON-CC024","16","001",402,331,477,0,NA,NA,NA,NA,NA,NA,16.6,16.6,0,0,19178,NA,19178,"JP","ON","C","CP","024","CO","1"
"JP-ON-CC027","16","001",222,551,329,0,NA,NA,NA,NA,NA,NA,14.8,14.8,0,0,16232,NA,16232,"JP","ON","C","CP","027","CO","2"
"JP-ON-CC028","16","001",388,772,0,0,NA,NA,NA,NA,NA,NA,18.1,18.1,0,0,21150,NA,21150,"JP","ON","C","CP","028","CO","2"
"JP-ON-CC029","16","001",402,331,0,0,NA,NA,NA,NA,NA,NA,6.3,6.3,0,0,7379,NA,7379,"JP","ON","C","CP","029","CO","1"
"JP-ON-CC030","16","001",347,772,539,696,NA,NA,NA,NA,NA,NA,23.9,23.9,0,0,20182,NA,20182,"JP","ON","C","CP","030","CO","3"
"JP-ON-CC033","16","001",582,221,161,483,NA,NA,NA,NA,NA,NA,17.7,17.7,0,0,15357,NA,15357,"JP","ON","C","CP","033","CO","2"
"JP-ON-CC035","16","001",180,110,0,0,NA,NA,NA,NA,NA,NA,36.8,36.8,0,0,21154,NA,21154,"JP","ON","C","CP","035","CO","3"
"JP-ON-CC037","16","001",55,0,0,0,NA,NA,NA,NA,NA,NA,32.3,32.3,0,0,21621,NA,21621,"JP","ON","C","CP","037","CO","3"
"JP-ON-CC038","16","001",1026,1764,421,0,NA,NA,NA,NA,NA,NA,15.4,15.4,0,0,9803,NA,9803,"JP","ON","C","CP","038","CO","2"
"JP-ON-GC004","16","001",2356,2206,1066,0,NA,NA,NA,NA,NA,NA,0.3,0.3,0,0,NA,62,62,"JP","ON","G","CP","004","BM","1"
"JP-ON-GC005","16","001",305,882,0,0,NA,NA,NA,NA,NA,NA,0.2,0.2,0,0,NA,145,145,"JP","ON","G","CP","005","BM","1"
"JP-ON-GC006","16","001",721,1103,0,0,NA,NA,NA,NA,NA,NA,0.2,0.2,0,0,NA,72,72,"JP","ON","G","CP","006","BM","1"
"JP-ON-GC010","16","001",3520,3970,1217,967,NA,NA,NA,NA,NA,NA,0.2,0.2,0,0,NA,50,50,"JP","ON","G","CP","010","BM","2"
"JP-ON-GC012","16","001",554,221,421,0,NA,NA,NA,NA,NA,NA,0.3,0.3,0,0,NA,38,38,"JP","ON","G","CP","012","BM","1"
"JP-ON-GC013","16","001",305,0,0,0,NA,NA,NA,NA,NA,NA,0.5,0.5,0,0,NA,82,82,"JP","ON","G","CP","013","BM","2"
"JP-ON-GC017","16","001",2744,1103,533,0,NA,NA,NA,NA,NA,NA,0.5,0.5,0,0,NA,72,72,"JP","ON","G","CP","017","BM","3"
"JP-ON-GC018","16","001",444,1323,0,0,NA,NA,NA,NA,NA,NA,0.6,0.6,0,0,NA,101,101,"JP","ON","G","CP","018","BM","2"
"JP-ON-GC019","16","001",554,1764,658,0,NA,NA,NA,NA,NA,NA,0.6,0.6,0,0,NA,218,218,"JP","ON","G","CP","019","BM","3"
"JP-ON-GC022","16","001",1552,662,0,0,NA,NA,NA,NA,NA,NA,0.6,0.6,0,0,NA,115,115,"JP","ON","G","CP","022","BM","2"
"JP-ON-GC024","16","001",3687,2647,1835,0,NA,NA,NA,NA,NA,NA,0.4,0.4,0,0,NA,113,113,"JP","ON","G","CP","024","BM","3"
"JP-ON-GC026","16","001",804,2867,1822,0,NA,NA,NA,NA,NA,NA,0.5,0.5,0,0,NA,53,53,"JP","ON","G","CP","026","BM","3"
"JP-ON-GC030","16","001",1996,1103,0,0,NA,NA,NA,NA,NA,NA,0.5,0.5,0,0,NA,95,95,"JP","ON","G","CP","030","BM","2"
"JP-ON-GC031","16","001",1857,1103,0,597,NA,NA,NA,NA,NA,NA,0.7,0.7,0,0,NA,234,234,"JP","ON","G","CP","031","BM","2"
"JP-ON-GC033","16","001",970,1544,421,3340,NA,NA,NA,NA,NA,NA,0.7,0.7,0,0,NA,215,215,"JP","ON","G","CP","033","BM","3"
"JP-ON-GC034","16","001",2800,2426,421,0,NA,NA,NA,NA,NA,NA,0.3,0.3,0,0,NA,84,84,"JP","ON","G","CP","034","BM","3"
"JP-ON-MC002","16","001",4324,8271,4924,0,NA,NA,NA,NA,NA,NA,0.9,0.9,0,0,NA,106,106,"JP","ON","M","CP","002","ME","3"
"JP-ON-MC004","16","001",2301,7058,26734,0,NA,NA,NA,NA,NA,NA,0.5,0.5,0,0,NA,103,103,"JP","ON","M","CP","004","ME","3"
"JP-ON-MC008","16","001",1746,2867,7506,0,NA,NA,NA,NA,NA,NA,1.2,1.2,0,0,NA,129,129,"JP","ON","M","CP","008","ME","2"
"JP-ON-MC015","16","001",1691,5293,5072,316,NA,NA,NA,NA,NA,NA,1.8,1.8,0,0,NA,176,176,"JP","ON","M","CP","015","ME","3"
"JP-ON-MC016","16","001",1802,6176,23090,0,NA,NA,NA,NA,NA,NA,1.1,1.1,0,0,NA,55,55,"JP","ON","M","CP","016","ME","3"
"JP-ON-MC018","16","001",832,2867,6302,0,NA,NA,NA,NA,NA,NA,0.2,0.2,0,0,NA,37,37,"JP","ON","M","CP","018","ME","2"
"JP-ON-MC019","16","001",3077,4632,2615,0,NA,NA,NA,NA,NA,NA,0,0,0,0,NA,9,9,"JP","ON","M","CP","019","ME","1"
"JP-ON-MC021","16","001",2495,6286,4993,0,NA,NA,NA,NA,NA,NA,0.7,0.7,0,0,NA,132,132,"JP","ON","M","CP","021","ME","2"
"JP-ON-MC024","16","001",1303,662,5532,0,NA,NA,NA,NA,NA,NA,1.7,1.7,0,0,NA,336,336,"JP","ON","M","CP","024","ME","1"
"JP-ON-MC025","16","001",1164,2206,8137,0,NA,NA,NA,NA,NA,NA,1,1,0,0,571,49,620,"JP","ON","M","CP","025","ME","3"
"JP-ON-MC028","16","001",1386,2426,17413,0,NA,NA,NA,NA,NA,NA,1.3,1.3,0,0,925,267,1192,"JP","ON","M","CP","028","ME","3"
"JP-ON-MC032","16","001",2717,3529,16150,0,NA,NA,NA,NA,NA,NA,1.3,1.3,0,0,NA,74,74,"JP","ON","M","CP","032","ME","3"
"JP-ON-MC033","16","001",2328,5073,1684,0,NA,NA,NA,NA,NA,NA,1.8,1.8,0,0,1591,691,2282,"JP","ON","M","CP","033","ME","2"
"JP-ON-MC034","16","001",3742,2867,0,493,NA,NA,NA,NA,NA,NA,0.4,0.4,0,0,NA,171,171,"JP","ON","M","CP","034","ME","1"
"JP-ON-MC036","16","001",471,5293,0,0,NA,NA,NA,NA,NA,NA,0,0,0,0,NA,2,2,"JP","ON","M","CP","036","ME","1"
"JP-ON-MC038","16","001",2273,3308,1684,0,NA,NA,NA,NA,NA,NA,0.5,0.5,0,0,NA,134,134,"JP","ON","M","CP","038","ME","2"
"JP-ON-MC039","16","001",942,1764,0,0,NA,NA,NA,NA,NA,NA,0.8,0.8,0,0,NA,287,287,"JP","ON","M","CP","039","ME","2"
"JP-SC-BC001","17","001",2176,3308,1868,0,NA,NA,NA,NA,NA,NA,4.5,4.5,0,0,1700,632,2332,"JP","SC","B","CP","001","FI","3"
"JP-SC-BC004","17","001",1331,4521,3105,0,NA,NA,NA,NA,NA,NA,0,0,0,0,NA,NA,0,"JP","SC","B","CP","004","FI","2"
"JP-SC-BC005","17","001",1040,1544,1187,200,NA,NA,NA,NA,NA,NA,0.4,0.4,0,0,44,4,48,"JP","SC","B","CP","005","FI","2"
"JP-SC-BC006","17","001",582,1103,329,247,NA,NA,NA,NA,NA,NA,3,3,0,0,NA,470,470,"JP","SC","B","CP","006","FI","1"
"JP-SC-BC007","17","001",610,882,533,158,NA,NA,NA,NA,NA,NA,0,0,0,0,NA,NA,0,"JP","SC","B","CP","007","FI","2"
"JP-SC-BC008","17","001",956,1544,0,158,NA,NA,NA,NA,NA,NA,0,0,0,0,NA,NA,NA,"JP","SC","B","CP","008","FI","2"
"JP-SC-BC011","17","001",1234,5073,608,358,NA,NA,NA,NA,NA,NA,1.2,1.2,0,0,436,NA,436,"JP","SC","B","CP","011","FI","3"
"JP-SC-BC012","17","001",444,1434,398,0,NA,NA,NA,NA,NA,NA,0,0,0,0,NA,2,2,"JP","SC","B","CP","012","FI","1"
"JP-SC-BC013","17","001",735,1323,421,200,NA,NA,NA,NA,NA,NA,0.4,0.4,0,0,NA,18,18,"JP","SC","B","CP","013","FI","3"
"JP-SC-BC014","17","001",1580,1985,1661,0,NA,NA,NA,NA,NA,NA,0.1,0.1,0,0,NA,8,8,"JP","SC","B","CP","014","FI","2"
"JP-SC-BC015","17","001",748,1985,477,0,NA,NA,NA,NA,NA,NA,0,0,0,0,NA,NA,0,"JP","SC","B","CP","015","FI","1"
"JP-SC-BC016","17","001",1137,331,1375,0,NA,NA,NA,NA,NA,NA,0,0,0,0,NA,NA,0,"JP","SC","B","CP","016","FI","1"
"JP-SC-BC017","17","001",804,1434,1148,0,NA,NA,NA,NA,NA,NA,0.2,0.2,0,0,NA,NA,NA,"JP","SC","B","CP","017","FI","2"
"JP-SC-BC018","17","001",1358,1764,3473,0,NA,NA,NA,NA,NA,NA,0,0,0,0,NA,0,0,"JP","SC","B","CP","018","FI","2"
"JP-SC-BC025",NA,NA,NA,NA,NA,NA,NA,NA,NA,NA,NA,NA,NA,NA,NA,NA,NA,NA,NA,NA,NA,NA,NA,NA,NA,NA
"JP-SC-CC001","17","001",1566,1875,477,0,NA,NA,NA,NA,NA,NA,19.5,19.5,0,0,6826,1645,8471,"JP","SC","C","CP","001","CO","2"
"JP-SC-CC002","17","001",984,2757,3062,247,NA,NA,NA,NA,NA,NA,14,13.5,0.5,0,6843,NA,6843,"JP","SC","C","CP","002","CO","1"
"JP-SC-CC003","17","001",1289,4191,2016,804,NA,NA,NA,NA,NA,NA,7.8,7,0.8,0,3160,NA,3160,"JP","SC","C","CP","003","CO","1"
"JP-SC-CC004","17","001",1012,2867,539,247,NA,NA,NA,NA,NA,NA,15.9,14.4,1.5,0,7709,NA,7709,"JP","SC","C","CP","004","CO","2"
"JP-SC-CC005","17","001",776,1875,0,0,NA,NA,NA,NA,NA,NA,9.5,6.9,2.6,0,3028,NA,3028,"JP","SC","C","CP","005","CO","1"
"JP-SC-CC006","17","001",305,1103,0,0,NA,NA,NA,NA,NA,NA,6.7,5.1,1.6,0,2408,NA,2408,"JP","SC","C","CP","006","CO","1"
"JP-SC-CC007","17","001",1331,2536,0,0,NA,NA,NA,NA,NA,NA,21.3,18.6,2.7,0,12179,NA,12179,"JP","SC","C","CP","007","CO","2"
"JP-SC-CC008","17","001",499,1323,0,957,NA,NA,NA,NA,NA,NA,41.6,41.6,0,0,27076,NA,27076,"JP","SC","C","CP","008","CO","3"
"JP-SC-CC009","17","001",845,1434,0,0,NA,NA,NA,NA,NA,NA,36.3,36.3,0,0,20814,7947,28761,"JP","SC","C","CP","009","CO","3"
"JP-SC-CC010","17","001",291,551,0,0,NA,NA,NA,NA,NA,NA,34.1,33.6,0.5,0,12951,NA,12951,"JP","SC","C","CP","010","CO","2"
"JP-SC-CC011","17","001",554,551,0,0,NA,NA,NA,NA,NA,NA,39.4,38.1,1.3,0,15474,NA,15474,"JP","SC","C","CP","011","CO","3"
"JP-SC-CC012","17","001",333,0,539,0,NA,NA,NA,NA,NA,NA,28.9,28.4,0.5,0,11837,5239,17076,"JP","SC","C","CP","012","CO","3"
"JP-SC-CC013","17","001",236,993,0,0,NA,NA,NA,NA,NA,NA,20.6,20.6,0,0,9850,NA,9850,"JP","SC","C","CP","013","CO","2"
"JP-SC-CC014","17","001",859,1323,211,557,NA,NA,NA,NA,NA,NA,49.7,45.8,3.9,0,19742,NA,19742,"JP","SC","C","CP","014","CO","3"
"JP-SC-GC001","17","001",1788,3308,3161,0,NA,NA,NA,NA,NA,NA,0.1,0.1,0,0,NA,11,11,"JP","SC","G","CP","001","BM","2"
"JP-SC-GC002","17","001",651,772,595,0,NA,NA,NA,NA,NA,NA,NA,NA,NA,NA,NA,NA,0,"JP","SC","G","CP","002","BM","2"
"JP-SC-GC003","17","001",1954,1323,211,715,NA,NA,NA,NA,NA,NA,0,0,0,0,NA,3,3,"JP","SC","G","CP","003","BM","1"
"JP-SC-GC004","17","001",416,0,0,0,NA,NA,NA,NA,NA,NA,NA,NA,NA,NA,NA,NA,0,"JP","SC","G","CP","004","BM","1"
"JP-SC-GC005","17","001",970,2647,211,200,NA,NA,NA,NA,NA,NA,0,0,0,0,NA,7,7,"JP","SC","G","CP","005","BM","1"
"JP-SC-GC006","17","001",804,1323,0,0,NA,NA,NA,NA,NA,NA,0.1,0.1,0,0,NA,3,3,"JP","SC","G","CP","006","BM","1"
"JP-SC-GC007","17","001",1220,1875,1592,0,NA,NA,NA,NA,NA,NA,NA,NA,NA,NA,NA,NA,0,"JP","SC","G","CP","007","BM","2"
"JP-SC-GC008","17","001",1705,3970,329,0,NA,NA,NA,NA,NA,NA,0,0,0,0,NA,3,3,"JP","SC","G","CP","008","BM","3"
"JP-SC-GC009","17","001",4518,2316,0,1734,NA,NA,NA,NA,NA,NA,0,0,0,0,NA,5,5,"JP","SC","G","CP","009","BM","3"
"JP-SC-GC010","17","001",360,110,0,0,NA,NA,NA,NA,NA,NA,0.1,0.1,0,0,NA,17,17,"JP","SC","G","CP","010","BM","2"
"JP-SC-GC011","17","001",1344,3088,474,0,NA,NA,NA,NA,NA,NA,0.1,0.1,0,0,NA,29,29,"JP","SC","G","CP","011","BM","2"
"JP-SC-GC012","17","001",499,551,398,0,NA,NA,NA,NA,NA,NA,0.1,0.1,0,0,NA,17,17,"JP","SC","G","CP","012","BM","1"
"JP-SC-GC013","17","001",1719,1654,533,0,NA,NA,NA,NA,NA,NA,0.1,0.1,0,0,NA,6,6,"JP","SC","G","CP","013","BM","2"
"JP-SC-GC014","17","001",1843,4632,477,0,NA,NA,NA,NA,NA,NA,0.3,0.3,0,0,NA,78,78,"JP","SC","G","CP","014","BM","3"
"JP-SC-MC002","17","001",3285,3198,11338,358,NA,NA,NA,NA,NA,NA,0.6,0.6,0,0,43,90,133,"JP","SC","M","CP","002","ME","3"
"JP-SC-MC003","17","001",1802,3198,9515,0,NA,NA,NA,NA,NA,NA,0.2,0.2,0,0,NA,37,37,"JP","SC","M","CP","003","ME","2"
"JP-SC-MC004","17","001",887,3198,3750,0,NA,NA,NA,NA,NA,NA,1,1,0,0,NA,184,184,"JP","SC","M","CP","004","ME","2"
"JP-SC-MC005","17","001",319,1764,3585,0,NA,NA,NA,NA,NA,NA,0.4,0.1,0.3,0,29,37,66,"JP","SC","M","CP","005","ME","2"
"JP-SC-MC007","17","001",610,1544,5259,0,NA,NA,NA,NA,NA,NA,0.7,0.7,0,0,NA,155,155,"JP","SC","M","CP","007","ME","2"
"JP-SC-MC008","17","001",2204,3639,4483,0,NA,NA,NA,NA,NA,NA,0.6,0.6,0,0,NA,210,210,"JP","SC","M","CP","008","ME","2"
"JP-SC-MC009","17","001",1649,3970,11140,0,NA,NA,NA,NA,NA,NA,1.3,1.3,0,0,28,381,409,"JP","SC","M","CP","009","ME","2"
"JP-SC-MC010","17","001",1691,1985,3496,0,NA,NA,NA,NA,NA,NA,0.6,0.6,0,0,NA,85,85,"JP","SC","M","CP","010","ME","1"
"JP-SC-MC011","17","001",2121,6837,4772,158,NA,NA,NA,NA,NA,NA,0.3,0.3,0,0,NA,19,19,"JP","SC","M","CP","011","ME","3"
"JP-SC-MC012","17","001",2495,4852,13064,158,NA,NA,NA,NA,NA,NA,1.3,1.2,0,0.1,NA,162,162,"JP","SC","M","CP","012","ME","3"
"JP-SC-MC013","17","001",596,3419,11594,0,NA,NA,NA,NA,NA,NA,1.1,1.1,0,0,NA,52,52,"JP","SC","M","CP","013","ME","3"
"JP-SC-MC016","17","001",1525,2867,898,247,NA,NA,NA,NA,NA,NA,0,0,0,0,NA,21,21,"JP","SC","M","CP","016","ME","1"
"JP-SC-MC019","17","001",873,2426,0,158,NA,NA,NA,NA,NA,NA,1,1,0,0,NA,160,160,"JP","SC","M","CP","019","ME","1"
"JP-SC-MC020","17","001",1857,6065,2960,0,NA,NA,NA,NA,NA,NA,0.4,0.4,0,0,NA,44,44,"JP","SC","M","CP","020","ME","2"
