"subplot_id","year","speriod","shrub_bio_ttl","shrub_1hr","shrub_10hr","herb_fuel_live_wd","herb_fuel_dead_wd","ispace_litter_load_wd","herb_fuel_stand_wd","tree_dns_ttl_JUOS","tree_dns_lt5_JUOS","tree_dns_5_50_JUOS","tree_dns_gt50_JUOS","tree_dns_ttl_PIED","tree_dns_lt5_PIED","tree_dns_5_50_PIED","tree_dns_gt50_PIED","tree_dns_ttl_PIMO","tree_dns_lt5_PIMO","tree_dns_5_50_PIMO","tree_dns_gt50_PIMO","can_cover_pt_tree","can_cover_pt_shrub","can_cover_pt_pgrass","can_cover_pt_pforb","can_cover_pt_agrass","can_cover_pt_aforb","can_cover_pt_forb","tree_cover_ttl","tree_cvr_JUOS","tree_cvr_PIED","rcode","scode","pcode","ptype","sp_number","treatment"
"JP-GR-GC001","06","001",0,0,0,8,19,16,NA,182,0,0,182,364,0,0,364,0,0,0,0,0.7,5.7,13,1.3,1.7,0,0,33.9,17.8,16.1,"JP","GR","G","CP","001","BM"
"JP-GR-GC001","07","001",253,83,82,85,104,21,NA,0,0,0,0,0,0,0,0,0,0,0,0,24.7,6.3,9.3,0.7,2.3,0,0,NA,NA,NA,"JP","GR","G","CP","001","BM"
"JP-GR-GC001","08","001",59,24,16,104,24,11,NA,56,0,56,0,111,0,111,0,0,0,0,0,1.3,4.3,7.7,0.3,0,0.3,0,NA,NA,NA,"JP","GR","G","CP","001","BM"
"JP-GR-GC001","09","001",221,109,83,536,96,80,NA,111,0,111,0,0,0,0,0,0,0,0,0,1.7,7.3,17.7,0.7,3.7,1,0,NA,NA,NA,"JP","GR","G","CP","001","BM"
"JP-GR-GC001","10","001",207,121,80,491,91,40,NA,56,0,56,0,0,0,0,0,0,0,0,0,1.7,5.7,20,0.7,12,3,0,NA,NA,NA,"JP","GR","G","CP","001","BM"
"JP-GR-GC001","12","001",-503,-201,-173,360,1390,229,NA,0,0,0,0,0,0,0,0,0,0,0,0,0.3,8.7,25,3,25.3,0,0,NA,NA,NA,"JP","GR","G","CP","001","BM"
"JP-GR-GC001","13","001",-204,-63,-54,NA,NA,NA,NA,278,0,278,0,111,0,111,0,0,0,0,0,2.3,8.3,25.7,1.7,20.7,0,0,NA,NA,NA,"JP","GR","G","CP","001","BM"
"JP-GR-GC001","17","001",-1033,-261,-339,872,208,424,NA,202,0,0,202,61,0,0,61,0,0,0,0,0.7,9.3,38.3,1.7,33,0.3,0,2.6,2.2,0.4,"JP","GR","G","CP","001","BM"
"JP-GR-GC003","06","001",0,0,0,29,51,21,NA,329,0,56,273,313,0,0,313,0,0,0,0,0,5.3,12,0.7,1,0,0,34.1,17.4,16.7,"JP","GR","G","CP","003","BM"
"JP-GR-GC003","07","001",440,139,130,69,64,21,NA,0,0,0,0,0,0,0,0,0,0,0,0,30.7,2.3,6.7,1,0.7,0,0,NA,NA,NA,"JP","GR","G","CP","003","BM"
"JP-GR-GC003","08","001",-153,-29,-25,224,109,16,NA,333,0,333,0,0,0,0,0,0,0,0,0,0,1.3,6,1,0,0,0,NA,NA,NA,"JP","GR","G","CP","003","BM"
"JP-GR-GC003","09","001",264,131,72,709,371,69,NA,222,0,222,0,0,0,0,0,0,0,0,0,0,1.3,19.3,0.3,1,1.7,0,NA,NA,NA,"JP","GR","G","CP","003","BM"
"JP-GR-GC003","10","001",231,119,23,1430,355,51,NA,111,0,111,0,0,0,0,0,0,0,0,0,0,3,29,2.7,10.7,4.3,0,NA,NA,NA,"JP","GR","G","CP","003","BM"
"JP-GR-GC003","12","001",313,171,45,240,811,184,NA,167,0,167,0,0,0,0,0,0,0,0,0,0.3,5.7,29.3,1,33,0,0,NA,NA,NA,"JP","GR","G","CP","003","BM"
"JP-GR-GC003","13","001",-319,-144,-62,285,264,216,NA,389,0,389,0,56,0,56,0,0,0,0,0,1.3,5,28.3,1.7,18.7,0,0,NA,NA,NA,"JP","GR","G","CP","003","BM"
"JP-GR-GC003","17","001",-330,-213,-54,493,144,488,NA,626,0,333,293,10,0,0,10,56,0,56,0,1.3,5.7,31.3,1,25.7,2.3,0,2.3,2.3,0,"JP","GR","G","CP","003","BM"
"JP-GR-GC005","06","001",0,0,0,32,56,32,NA,238,0,56,182,192,0,0,192,0,0,0,0,0,6,20,2.3,8.7,0,0,24.2,14.2,10,"JP","GR","G","CP","005","BM"
"JP-GR-GC005","07","001",1314,560,493,91,141,56,NA,0,0,0,0,0,0,0,0,0,0,0,0,21.3,5.7,12.3,1.7,4.3,0,0,NA,NA,NA,"JP","GR","G","CP","005","BM"
"JP-GR-GC005","08","001",1038,725,522,136,64,29,NA,167,0,167,0,0,0,0,0,0,0,0,0,1,5.7,13.7,1,0.7,0.3,0,NA,NA,NA,"JP","GR","G","CP","005","BM"
"JP-GR-GC005","09","001",1393,868,644,365,29,21,NA,111,0,111,0,0,0,0,0,0,0,0,0,1.3,9.7,24,1.7,4,2.3,0,NA,NA,NA,"JP","GR","G","CP","005","BM"
"JP-GR-GC005","10","001",1877,823,741,691,429,80,NA,945,889,56,0,0,0,0,0,0,0,0,0,1.3,6,24.3,1.7,10.7,5.7,0,NA,NA,NA,"JP","GR","G","CP","005","BM"
"JP-GR-GC005","12","001",5304,2249,2114,160,344,69,NA,111,0,111,0,0,0,0,0,0,0,0,0,2.3,5.3,17,2.3,26.7,0,0,NA,NA,NA,"JP","GR","G","CP","005","BM"
"JP-GR-GC005","13","001",-2995,-1207,-999,224,267,107,NA,222,0,222,0,0,0,0,0,0,0,0,0,1.7,9.3,20,1,21.3,0.3,0,NA,NA,NA,"JP","GR","G","CP","005","BM"
"JP-GR-GC005","17","001",-3521,-1694,-1409,325,64,1534,NA,192,0,0,192,10,0,0,10,0,0,0,0,3,9.3,23.7,1.3,30.3,1.3,0,2,2,0,"JP","GR","G","CP","005","BM"
"JP-GR-GC010","06","001",0,0,0,19,37,21,NA,141,0,0,141,379,0,56,323,0,0,0,0,0,12.3,8.7,0.3,0.7,0,0,20.9,6.5,14.4,"JP","GR","G","CP","010","BM"
"JP-GR-GC010","07","001",850,454,295,101,45,75,NA,0,0,0,0,0,0,0,0,0,0,0,0,19.7,8,6.3,1,0.3,0,0,NA,NA,NA,"JP","GR","G","CP","010","BM"
"JP-GR-GC010","08","001",1003,491,165,256,56,0,NA,56,0,56,0,0,0,0,0,0,0,0,0,0,6,6.3,0.3,0,0,0,NA,NA,NA,"JP","GR","G","CP","010","BM"
"JP-GR-GC010","09","001",1211,797,254,445,136,40,NA,56,0,56,0,0,0,0,0,0,0,0,0,0,8.7,18.7,0.7,0,0,0,NA,NA,NA,"JP","GR","G","CP","010","BM"
"JP-GR-GC010","10","001",1271,876,221,461,131,104,NA,56,0,56,0,0,0,0,0,0,0,0,0,0,9.7,16.3,1.3,1.3,2,0,NA,NA,NA,"JP","GR","G","CP","010","BM"
"JP-GR-GC010","12","001",1607,991,278,85,320,51,NA,111,0,111,0,0,0,0,0,0,0,0,0,0.3,12.3,22.7,0.3,0.3,0,0,NA,NA,NA,"JP","GR","G","CP","010","BM"
"JP-GR-GC010","13","001",-2059,-1181,-455,469,0,45,NA,167,0,167,0,56,0,56,0,0,0,0,0,0.7,15.3,27.7,1.7,10.7,0,0,NA,NA,NA,"JP","GR","G","CP","010","BM"
"JP-GR-GC010","16","001",NA,NA,NA,NA,NA,515,373,0,0,0,0,0,0,0,0,0,0,0,0,1,10.3,26,0.3,7.7,2.3,0,NA,NA,NA,"JP","GR","G","CP","010","BM"
"JP-GR-GC010","17","001",-1032,-587,-205,435,157,1144,NA,273,0,111,162,40,0,0,40,0,0,0,0,1.3,11,34.7,1.3,20.7,0.7,0,1.4,1.1,0.3,"JP","GR","G","CP","010","BM"
"JP-GR-GC011","06","001",0,0,0,56,219,67,NA,111,0,0,111,242,0,111,131,0,0,0,0,0,12.3,11.3,0.3,0.3,0,0,12.9,4.7,8.2,"JP","GR","G","CP","011","BM"
"JP-GR-GC011","07","001",-2321,-1131,-774,195,104,115,NA,0,0,0,0,0,0,0,0,0,0,0,0,19.3,9.3,15,0.7,0.7,0,0,NA,NA,NA,"JP","GR","G","CP","011","BM"
"JP-GR-GC011","08","001",-1517,-750,-469,355,256,120,NA,111,0,111,0,0,0,0,0,0,0,0,0,0.3,8,21,1,0.3,0,0,NA,NA,NA,"JP","GR","G","CP","011","BM"
"JP-GR-GC011","09","001",-2376,-1586,-819,829,101,56,NA,167,0,167,0,0,0,0,0,0,0,0,0,0.7,10,28,2.3,1.3,0,0,NA,NA,NA,"JP","GR","G","CP","011","BM"
"JP-GR-GC011","10","001",2040,1296,389,355,355,75,NA,56,0,56,0,56,0,56,0,0,0,0,0,0,11.3,25,2,4.3,2.3,0,NA,NA,NA,"JP","GR","G","CP","011","BM"
"JP-GR-GC011","12","001",2346,1647,626,176,400,120,NA,56,0,56,0,56,0,56,0,0,0,0,0,0.3,18,24.3,1.3,8,0,0,NA,NA,NA,"JP","GR","G","CP","011","BM"
"JP-GR-GC011","13","001",-2629,-1128,-614,381,67,101,NA,56,0,56,0,111,0,111,0,0,0,0,0,0.3,20.7,30,1.7,10,0,0,NA,NA,NA,"JP","GR","G","CP","011","BM"
"JP-GR-GC011","17","001",2070,629,411,555,163,235,NA,117,0,56,61,111,0,111,0,0,0,0,0,0.3,18,48.7,2.3,23,0,0,0.3,0.3,0,"JP","GR","G","CP","011","BM"
"JP-GR-GC015","06","001",0,0,0,72,152,173,NA,192,0,111,81,202,0,0,202,0,0,0,0,0,14,12.3,2,4.7,0,0,12.1,3.9,8.2,"JP","GR","G","CP","015","BM"
"JP-GR-GC015","07","001",4853,1659,1676,304,155,80,NA,0,0,0,0,0,0,0,0,0,0,0,0,17.3,11.3,18.3,0.3,8.3,0,0,NA,NA,NA,"JP","GR","G","CP","015","BM"
"JP-GR-GC015","08","001",6396,3447,2741,344,376,189,NA,111,0,111,0,167,0,167,0,0,0,0,0,1,8.7,14.3,0.7,0.3,0,0,NA,NA,NA,"JP","GR","G","CP","015","BM"
"JP-GR-GC015","09","001",5177,2278,2027,600,160,144,NA,167,0,167,0,222,0,222,0,0,0,0,0,0.7,11.3,26.3,2.7,5.3,2,0,NA,NA,NA,"JP","GR","G","CP","015","BM"
"JP-GR-GC015","10","001",6270,2803,2536,331,104,64,NA,111,0,111,0,111,0,111,0,0,0,0,0,1,9.3,20.3,3.3,18.3,3,0,NA,NA,NA,"JP","GR","G","CP","015","BM"
"JP-GR-GC015","12","001",5480,1518,1704,304,245,125,NA,0,0,0,0,167,0,167,0,0,0,0,0,1,12.3,22.7,1.3,0.3,0,0,NA,NA,NA,"JP","GR","G","CP","015","BM"
"JP-GR-GC015","13","001",5854,2493,2355,107,163,80,NA,222,0,222,0,167,0,167,0,0,0,0,0,1.3,15.7,19.3,3,15.3,0,0,NA,NA,NA,"JP","GR","G","CP","015","BM"
"JP-GR-GC015","17","001",-9071,-2480,-2974,403,85,856,NA,131,0,0,131,127,0,56,71,0,0,0,0,1.3,16,23.3,2,10,0,0,2.4,1.5,0.9,"JP","GR","G","CP","015","BM"
"JP-GR-GC016","06","001",0,0,0,107,224,131,NA,157,0,56,101,232,0,0,232,0,0,0,0,0,13.7,12,1,4,0,0,16.1,6.6,9.5,"JP","GR","G","CP","016","BM"
"JP-GR-GC016","07","001",1501,603,426,280,285,40,NA,0,0,0,0,0,0,0,0,0,0,0,0,7.7,13.7,16.3,0,2.7,0,0,NA,NA,NA,"JP","GR","G","CP","016","BM"
"JP-GR-GC016","08","001",1632,1000,713,229,165,35,NA,56,0,56,0,111,0,111,0,0,0,0,0,0.3,5,5.7,0,0,0,0,NA,NA,NA,"JP","GR","G","CP","016","BM"
"JP-GR-GC016","09","001",1936,514,568,269,176,69,NA,0,0,0,0,56,0,56,0,0,0,0,0,0.3,12.3,38.3,0.7,0.3,1,0,NA,NA,NA,"JP","GR","G","CP","016","BM"
"JP-GR-GC016","10","001",2364,702,724,341,141,56,NA,56,0,56,0,56,0,56,0,0,0,0,0,0.7,10,26.7,1,4,2,0,NA,NA,NA,"JP","GR","G","CP","016","BM"
"JP-GR-GC016","12","001",2960,1329,1136,445,704,141,NA,0,0,0,0,56,0,56,0,0,0,0,0,0.7,13,33.7,0.7,7.7,0,0,NA,NA,NA,"JP","GR","G","CP","016","BM"
"JP-GR-GC016","13","001",-2518,-932,-930,267,181,59,NA,56,0,56,0,56,0,56,0,0,0,0,0,1,11.3,27.3,1.3,7.7,0,0,NA,NA,NA,"JP","GR","G","CP","016","BM"
"JP-GR-GC016","17","001",-3577,-1472,-1312,197,72,656,NA,101,0,0,101,20,0,0,20,0,0,0,0,1,17,28.7,1.7,21.3,0,0,0.9,0.7,0.2,"JP","GR","G","CP","016","BM"
"JP-GR-GC018","06","001",0,0,0,69,128,67,NA,162,0,0,162,248,0,56,192,0,0,0,0,0.3,9.3,21,0,1.7,0,0,15.6,10.6,5,"JP","GR","G","CP","018","BM"
"JP-GR-GC018","07","001",679,553,343,664,235,21,NA,0,0,0,0,0,0,0,0,0,0,0,0,15.7,6.7,20.7,0.7,0.3,0,0,NA,NA,NA,"JP","GR","G","CP","018","BM"
"JP-GR-GC018","08","001",402,514,278,405,205,45,NA,0,0,0,0,0,0,0,0,0,0,0,0,0.7,3.7,29.7,0.7,0,0,0,NA,NA,NA,"JP","GR","G","CP","018","BM"
"JP-GR-GC018","09","001",661,308,247,704,176,96,NA,0,0,0,0,0,0,0,0,0,0,0,0,0.7,4.3,41.7,4,0.3,2.3,0,NA,NA,NA,"JP","GR","G","CP","018","BM"
"JP-GR-GC018","10","001",1497,626,546,1051,189,21,NA,0,0,0,0,0,0,0,0,0,0,0,0,1,5,27,2.3,1.7,5,0,NA,NA,NA,"JP","GR","G","CP","018","BM"
"JP-GR-GC018","12","001",1773,708,616,851,416,96,NA,0,0,0,0,0,0,0,0,0,0,0,0,1.3,8.3,47.3,0.7,15,0,0,NA,NA,NA,"JP","GR","G","CP","018","BM"
"JP-GR-GC018","13","001",-1542,-573,-504,163,75,32,NA,56,0,56,0,56,0,56,0,0,0,0,0,2,8,40.3,1.3,13.7,0,0,NA,NA,NA,"JP","GR","G","CP","018","BM"
"JP-GR-GC018","16","001",NA,NA,NA,NA,NA,1782,184,0,0,0,0,0,0,0,0,0,0,0,0,3.3,7.7,18,0.3,12.3,4.3,0.3,NA,NA,NA,"JP","GR","G","CP","018","BM"
"JP-GR-GC018","17","001",-1637,-963,-741,312,157,989,NA,197,0,56,141,117,0,56,61,0,0,0,0,2.7,8.7,22,1.3,30.3,2,0,1,0.8,0.2,"JP","GR","G","CP","018","BM"
"JP-GR-GC021","06","001",0,0,0,133,189,77,NA,111,0,0,111,152,0,0,152,0,0,0,0,0.3,10.3,19.3,0.3,1,0,0,10.8,3.9,6.9,"JP","GR","G","CP","021","BM"
"JP-GR-GC021","07","001",630,441,233,304,245,160,NA,0,0,0,0,0,0,0,0,0,0,0,0,12.3,8.3,15,0.7,3,0,0,NA,NA,NA,"JP","GR","G","CP","021","BM"
"JP-GR-GC021","08","001",647,352,246,309,264,75,NA,0,0,0,0,0,0,0,0,0,0,0,0,0.7,5.3,8,1.3,0,0,0,NA,NA,NA,"JP","GR","G","CP","021","BM"
"JP-GR-GC021","09","001",523,362,179,635,445,141,NA,111,0,111,0,0,0,0,0,0,0,0,0,0.3,8,22,0.7,0.3,0.3,0,NA,NA,NA,"JP","GR","G","CP","021","BM"
"JP-GR-GC021","10","001",819,526,198,435,469,144,NA,0,0,0,0,0,0,0,0,0,0,0,0,0.7,10.7,19.7,3,0.3,0.7,0,NA,NA,NA,"JP","GR","G","CP","021","BM"
"JP-GR-GC021","12","001",931,523,191,285,581,136,NA,0,0,0,0,0,0,0,0,0,0,0,0,2.8,26.1,43.9,2.8,10,0,0,NA,NA,NA,"JP","GR","G","CP","021","BM"
"JP-GR-GC021","13","001",-939,-522,-235,323,211,5,NA,56,0,56,0,56,0,56,0,0,0,0,0,1.3,14,28,2.7,5.3,0,0,NA,NA,NA,"JP","GR","G","CP","021","BM"
"JP-GR-GC021","17","001",-953,-336,-251,723,69,907,NA,157,0,56,101,40,0,0,40,0,0,0,0,2.7,15,33,3.7,14,0,0,1,0.9,0.1,"JP","GR","G","CP","021","BM"
"JP-GR-GC026","06","001",0,0,0,157,515,136,NA,91,0,0,91,66,0,56,10,0,0,0,0,0,18.7,16.7,1.3,5,0,0,7.4,7.4,0,"JP","GR","G","CP","026","BM"
"JP-GR-GC026","07","001",7007,2693,2492,296,195,85,NA,0,0,0,0,0,0,0,0,0,0,0,0,6.7,14,17.7,1.3,1.3,0,0,NA,NA,NA,"JP","GR","G","CP","026","BM"
"JP-GR-GC026","08","001",3829,3177,2011,555,264,131,NA,56,0,56,0,56,0,56,0,0,0,0,0,0.7,13.7,13.7,0.3,0.3,0,0,NA,NA,NA,"JP","GR","G","CP","026","BM"
"JP-GR-GC026","09","001",3035,1672,1256,456,251,144,NA,111,0,111,0,56,0,56,0,0,0,0,0,0.7,14.3,39.7,1,0,1.3,0,NA,NA,NA,"JP","GR","G","CP","026","BM"
"JP-GR-GC026","10","001",5061,2587,2090,285,981,445,NA,111,0,111,0,167,0,167,0,0,0,0,0,0.3,13,18.7,4,2,0.7,0,NA,NA,NA,"JP","GR","G","CP","026","BM"
"JP-GR-GC026","12","001",3925,1559,1479,411,411,229,NA,111,0,111,0,111,0,111,0,0,0,0,0,1,18,33.7,3,1,0,0,NA,NA,NA,"JP","GR","G","CP","026","BM"
"JP-GR-GC026","13","001",5217,2053,1852,245,109,139,NA,167,0,167,0,111,0,111,0,0,0,0,0,0.7,23.7,23.3,2,3.3,0,0,NA,NA,NA,"JP","GR","G","CP","026","BM"
"JP-GR-GC026","17","001",-4815,-1810,-1667,240,85,456,NA,162,0,111,51,131,0,111,20,0,0,0,0,0.4,16.2,28.3,2.9,5,0,0,0.4,0.3,0.1,"JP","GR","G","CP","026","BM"
"JP-GR-GC027","06","001",0,0,0,163,435,125,NA,238,0,56,182,121,0,0,121,0,0,0,0,0,6.3,19.3,2,0,0,0,10,5,5,"JP","GR","G","CP","027","BM"
"JP-GR-GC027","07","001",888,528,384,365,200,109,NA,1778,1778,0,0,0,0,0,0,0,0,0,0,11.3,6,20.3,1.3,1.3,0,0,NA,NA,NA,"JP","GR","G","CP","027","BM"
"JP-GR-GC027","08","001",-916,-474,-385,565,291,136,NA,0,0,0,0,0,0,0,0,0,0,0,0,0.3,2,11.3,2,0,0,0,NA,NA,NA,"JP","GR","G","CP","027","BM"
"JP-GR-GC027","09","001",-874,-371,-296,909,171,149,NA,56,0,56,0,56,0,56,0,0,0,0,0,0.7,5,45,7,0.3,2.3,0,NA,NA,NA,"JP","GR","G","CP","027","BM"
"JP-GR-GC027","10","001",868,549,408,400,160,85,NA,56,0,56,0,0,0,0,0,0,0,0,0,0.7,2.7,35.3,7.3,5.3,7.3,0,NA,NA,NA,"JP","GR","G","CP","027","BM"
"JP-GR-GC027","12","001",2975,1324,1144,565,880,184,NA,111,0,111,0,56,0,56,0,0,0,0,0,0.7,8,43.7,2,6.3,0,0,NA,NA,NA,"JP","GR","G","CP","027","BM"
"JP-GR-GC027","13","001",-728,-333,-283,373,192,37,NA,278,0,278,0,56,0,56,0,0,0,0,0,1.3,6.3,40,4.7,7.7,0,0,NA,NA,NA,"JP","GR","G","CP","027","BM"
"JP-GR-GC027","17","001",-2019,-1073,-879,365,96,344,NA,414,0,222,192,61,0,0,61,0,0,0,0,0.3,12,33.3,2,24,1,0,1.1,0.9,0.2,"JP","GR","G","CP","027","BM"
"JP-GR-GC028","06","001",0,0,0,219,315,131,NA,238,0,56,182,202,0,111,91,0,0,0,0,0,1.7,22.3,0.7,0,0,0,10.6,6.9,3.7,"JP","GR","G","CP","028","BM"
"JP-GR-GC028","07","001",958,233,254,320,309,211,NA,0,0,0,0,0,0,0,0,0,0,0,0,7,2.3,24.3,0.7,0,0,0,NA,NA,NA,"JP","GR","G","CP","028","BM"
"JP-GR-GC028","08","001",346,303,180,515,365,181,NA,0,0,0,0,0,0,0,0,0,0,0,0,1,0.3,29.7,3,0,0,0,NA,NA,NA,"JP","GR","G","CP","028","BM"
"JP-GR-GC028","09","001",747,337,263,749,301,200,NA,111,0,111,0,56,0,56,0,0,0,0,0,0,2.3,33,2.3,0,0.3,0,NA,NA,NA,"JP","GR","G","CP","028","BM"
"JP-GR-GC028","10","001",-492,-133,-136,736,384,101,NA,56,0,56,0,56,0,56,0,0,0,0,0,0.7,2.3,29,6.3,1.3,2.3,0,NA,NA,NA,"JP","GR","G","CP","028","BM"
"JP-GR-GC028","12","001",876,322,302,1424,509,104,NA,0,0,0,0,0,0,0,0,0,0,0,0,0.7,3,50.7,3.7,5.3,0,0,NA,NA,NA,"JP","GR","G","CP","028","BM"
"JP-GR-GC028","13","001",-413,-150,-131,581,85,96,NA,1167,889,278,0,111,0,111,0,0,0,0,0,0.7,4,41,2.3,3.3,0,0,NA,NA,NA,"JP","GR","G","CP","028","BM"
"JP-GR-GC028","17","001",-1311,-310,-376,256,75,171,NA,131,0,0,131,238,0,167,71,0,0,0,0,0.3,5,33,4.3,11.7,0.7,0,1.1,1,0.1,"JP","GR","G","CP","028","BM"
"JP-GR-GC029","06","001",0,0,0,61,117,35,NA,434,0,222,212,167,0,56,111,0,0,0,0,0,0.7,9.3,1,0.3,0,0,21.4,16.6,4.8,"JP","GR","G","CP","029","BM"
"JP-GR-GC029","07","001",0,0,0,501,69,56,NA,889,889,0,0,0,0,0,0,0,0,0,0,21.7,0.7,11,1.3,0,0,0,NA,NA,NA,"JP","GR","G","CP","029","BM"
"JP-GR-GC029","08","001",0,0,0,365,56,35,NA,222,0,222,0,0,0,0,0,0,0,0,0,0.3,0.3,12.7,3,0.3,0.3,0,NA,NA,NA,"JP","GR","G","CP","029","BM"
"JP-GR-GC029","09","001",-2,-22,-1,656,125,56,NA,167,0,167,0,111,0,111,0,0,0,0,0,0.7,1.7,16.7,2,0.3,0.3,0,NA,NA,NA,"JP","GR","G","CP","029","BM"
"JP-GR-GC029","10","001",12,3,0,944,331,35,NA,56,0,56,0,111,0,111,0,0,0,0,0,0.3,1.7,21.3,9.7,2,3,0,NA,NA,NA,"JP","GR","G","CP","029","BM"
"JP-GR-GC029","12","001",80,35,23,640,355,40,NA,56,0,56,0,111,0,111,0,0,0,0,0,0.3,3.3,30.3,5.7,6.7,0,0,NA,NA,NA,"JP","GR","G","CP","029","BM"
"JP-GR-GC029","13","001",-27,-7,-2,432,99,32,NA,611,0,611,0,0,0,0,0,0,0,0,0,1,2,37,2.3,4,0,0,NA,NA,NA,"JP","GR","G","CP","029","BM"
"JP-GR-GC029","16","001",NA,NA,NA,NA,NA,728,373,0,0,0,0,0,0,0,0,0,0,0,0,1,3.7,23.7,1.7,9.7,2.7,0.3,NA,NA,NA,"JP","GR","G","CP","029","BM"
"JP-GR-GC029","17","001",-6,-21,-8,499,155,637,NA,616,0,444,172,182,0,111,71,0,0,0,0,2,9,31.7,5.7,23.7,2,0,1.5,1,0.5,"JP","GR","G","CP","029","BM"
"JP-GR-GC031","06","001",0,0,0,35,80,77,NA,364,0,111,253,81,0,0,81,0,0,0,0,0.3,14.7,12.3,3.3,1.7,0,0,10.6,8.9,1.7,"JP","GR","G","CP","031","BM"
"JP-GR-GC031","07","001",2927,1157,1033,176,131,75,NA,0,0,0,0,0,0,0,0,0,0,0,0,8,13,17,2,0.7,0,0,NA,NA,NA,"JP","GR","G","CP","031","BM"
"JP-GR-GC031","08","001",480,565,223,235,144,35,NA,56,0,56,0,0,0,0,0,0,0,0,0,0,10,24.7,2.7,0.7,0,0,NA,NA,NA,"JP","GR","G","CP","031","BM"
"JP-GR-GC031","09","001",926,569,384,325,104,35,NA,222,0,222,0,56,0,56,0,0,0,0,0,0,8.7,19,0.7,1,0,0,NA,NA,NA,"JP","GR","G","CP","031","BM"
"JP-GR-GC031","10","001",1783,597,501,491,184,29,NA,0,0,0,0,0,0,0,0,0,0,0,0,0,9.7,24.7,5.7,5,2,0,NA,NA,NA,"JP","GR","G","CP","031","BM"
"JP-GR-GC031","12","001",-1867,-780,-519,104,296,64,NA,56,0,56,0,56,0,56,0,0,0,0,0,0.3,10,19.7,4.7,4,0,0,NA,NA,NA,"JP","GR","G","CP","031","BM"
"JP-GR-GC031","13","001",2815,1214,928,283,139,59,NA,333,0,333,0,56,0,56,0,0,0,0,0,1.7,16.7,26.3,5.3,13.7,0,0,NA,NA,NA,"JP","GR","G","CP","031","BM"
"JP-GR-GC031","17","001",-2944,-1275,-1042,549,40,347,NA,349,0,167,182,0,0,0,0,0,0,0,0,1,12.3,33.7,3,23,1.3,0,1,1,0,"JP","GR","G","CP","031","BM"
"JP-GR-GC035","06","001",0,0,0,75,109,45,NA,208,0,56,152,117,0,56,61,0,0,0,0,0.3,1,8.7,0.7,1,0,0,14,13.6,0.4,"JP","GR","G","CP","035","BM"
"JP-GR-GC035","07","001",-29,-26,-9,261,155,176,NA,0,0,0,0,0,0,0,0,0,0,0,0,22.7,2,10.3,0.7,0.3,0,0,NA,NA,NA,"JP","GR","G","CP","035","BM"
"JP-GR-GC035","08","001",-64,-29,-25,504,136,109,NA,111,0,111,0,56,0,56,0,0,0,0,0,0,2,7.3,0.7,0,0,0,NA,NA,NA,"JP","GR","G","CP","035","BM"
"JP-GR-GC035","09","001",-57,-22,-19,984,200,181,NA,111,0,111,0,111,0,111,0,0,0,0,0,0.7,2.3,28.3,2.7,1.3,1,0,NA,NA,NA,"JP","GR","G","CP","035","BM"
"JP-GR-GC035","10","001",124,76,55,680,344,125,NA,222,0,222,0,111,0,111,0,0,0,0,0,0.7,2.7,24.3,5.3,8,4,0,NA,NA,NA,"JP","GR","G","CP","035","BM"
"JP-GR-GC035","12","001",338,131,130,720,1051,NA,NA,111,0,111,0,56,0,56,0,0,0,0,0,0,3.7,52.7,3.7,13.7,0.3,0,NA,NA,NA,"JP","GR","G","CP","035","BM"
"JP-GR-GC035","13","001",-153,-86,-69,368,203,85,NA,500,0,500,0,167,0,167,0,0,0,0,0,2.3,4.7,34,5.7,12.7,0,0,NA,NA,NA,"JP","GR","G","CP","035","BM"
"JP-GR-GC035","17","001",-493,-105,-141,331,67,347,NA,419,0,278,141,222,0,111,111,0,0,0,0,1.7,7,41.7,3,21.7,5.3,0,1.6,0.9,0.7,"JP","GR","G","CP","035","BM"
"JP-ON-GC004","06","001",0,0,0,157,216,45,NA,323,0,111,212,0,0,0,0,0,0,0,0,0,5.7,27,2,1.3,4,0,8.3,8.3,0,"JP","ON","G","CP","004","BM"
"JP-ON-GC004","07","001",-1830,-591,-854,269,176,51,NA,167,0,167,0,0,0,0,0,0,0,0,0,0,7.7,13.3,3.3,0.3,4.3,0,NA,NA,NA,"JP","ON","G","CP","004","BM"
"JP-ON-GC004","08","001",-1078,-322,-466,365,184,45,NA,56,0,56,0,0,0,0,0,0,0,0,0,0,6.3,23,2,0,1.7,0,NA,NA,NA,"JP","ON","G","CP","004","BM"
"JP-ON-GC004","09","001",-1695,-400,-671,504,149,40,NA,167,0,167,0,0,0,0,0,0,0,0,0,0.3,5.7,16.7,2,2.7,7,0,NA,NA,NA,"JP","ON","G","CP","004","BM"
"JP-ON-GC004","10","001",0,0,0,491,475,115,NA,0,0,0,0,0,0,0,0,0,0,0,0,0.3,7.3,31,9,1,4.3,0,NA,NA,NA,"JP","ON","G","CP","004","BM"
"JP-ON-GC004","12","001",-386,-280,-271,149,224,176,NA,222,0,222,0,0,0,0,0,0,0,0,0,0.3,11.3,14.3,3.3,0.7,4.3,0,NA,NA,NA,"JP","ON","G","CP","004","BM"
"JP-ON-GC004","16","001",-2259,-804,-1158,99,80,381,NA,147,0,56,91,0,0,0,0,0,0,0,0,0.7,10.7,29.3,5.7,4.7,14,0,0.3,0.3,0,"JP","ON","G","CP","004","BM"
"JP-ON-GC005","06","001",0,0,0,216,280,48,NA,187,0,56,131,0,0,0,0,0,0,0,0,0,5.3,21.3,2.7,0.3,4.7,0,5.3,5.3,0,"JP","ON","G","CP","005","BM"
"JP-ON-GC005","07","001",-1774,-619,-871,560,515,115,NA,0,0,0,0,0,0,0,0,0,0,0,0,0,5.3,21,1.3,0.3,6.7,0,NA,NA,NA,"JP","ON","G","CP","005","BM"
"JP-ON-GC005","08","001",-2219,-677,-1026,256,211,85,NA,0,0,0,0,0,0,0,0,0,0,0,0,0,6,25.3,3.3,0.7,2.3,0,NA,NA,NA,"JP","ON","G","CP","005","BM"
"JP-ON-GC005","09","001",-2967,-922,-1408,331,221,115,NA,167,0,167,0,0,0,0,0,0,0,0,0,0,6,29.3,3,1,8.7,0,NA,NA,NA,"JP","ON","G","CP","005","BM"
"JP-ON-GC005","10","001",0,0,0,581,429,280,NA,0,0,0,0,0,0,0,0,0,0,0,0,0,9.3,42.3,3.3,2.7,6,0,NA,NA,NA,"JP","ON","G","CP","005","BM"
"JP-ON-GC005","12","001",-1977,-723,-1023,475,429,0,NA,111,0,111,0,0,0,0,0,0,0,0,0,0,8.7,23.7,1.7,1.3,4,0,NA,NA,NA,"JP","ON","G","CP","005","BM"
"JP-ON-GC005","16","001",-2385,-1051,-1343,469,448,112,NA,61,0,0,61,0,0,0,0,0,0,0,0,0,11.7,30,1.3,5.7,11.7,0,0.2,0.2,0,"JP","ON","G","CP","005","BM"
"JP-ON-GC006","06","001",0,0,0,83,123,5,NA,228,0,56,172,0,0,0,0,0,0,0,0,0,4,20.3,1.3,0,4,0,7.7,7.7,0,"JP","ON","G","CP","006","BM"
"JP-ON-GC006","07","001",-497,-227,-270,376,571,261,NA,111,0,111,0,0,0,0,0,0,0,0,0,0,3.7,24,2.3,0,5.3,0,NA,NA,NA,"JP","ON","G","CP","006","BM"
"JP-ON-GC006","08","001",-518,-155,-218,525,235,61,NA,0,0,0,0,0,0,0,0,0,0,0,0,0,3.3,31.7,0.3,0,3.7,0,NA,NA,NA,"JP","ON","G","CP","006","BM"
"JP-ON-GC006","09","001",-846,-265,-375,691,544,221,NA,333,0,333,0,0,0,0,0,0,0,0,0,0,3.3,15,2.3,2,9.7,0,NA,NA,NA,"JP","ON","G","CP","006","BM"
"JP-ON-GC006","10","001",0,0,0,536,229,189,NA,0,0,0,0,0,0,0,0,0,0,0,0,0,4.7,38.7,2.3,2.7,8,0,NA,NA,NA,"JP","ON","G","CP","006","BM"
"JP-ON-GC006","12","001",0,0,0,464,605,0,NA,111,0,111,0,0,0,0,0,0,0,0,0,0,8.3,18,3,2,0,0,NA,NA,NA,"JP","ON","G","CP","006","BM"
"JP-ON-GC006","16","001",-786,-403,-459,456,541,637,NA,137,0,56,81,0,0,0,0,0,0,0,0,0,11.3,30.7,2.3,5.3,14.3,0,0.2,0.2,0,"JP","ON","G","CP","006","BM"
"JP-ON-GC010","06","001",0,0,0,117,147,32,NA,131,0,0,131,0,0,0,0,0,0,0,0,0,5,26.3,0.3,2,7.3,0,14.9,14.9,0,"JP","ON","G","CP","010","BM"
"JP-ON-GC010","07","001",-1343,-384,-607,240,469,29,NA,111,0,111,0,0,0,0,0,0,0,0,0,0.3,6,18.7,0,0,8.7,0,NA,NA,NA,"JP","ON","G","CP","010","BM"
"JP-ON-GC010","08","001",-1594,-389,-669,360,120,69,NA,56,0,56,0,0,0,0,0,0,0,0,0,0.7,5.3,13.3,0.7,0,3,0,NA,NA,NA,"JP","ON","G","CP","010","BM"
"JP-ON-GC010","09","001",-1988,-469,-832,931,149,136,NA,111,0,111,0,0,0,0,0,0,0,0,0,0.7,3.7,19.7,1.7,3.7,18.7,0,NA,NA,NA,"JP","ON","G","CP","010","BM"
"JP-ON-GC010","10","001",0,0,0,765,520,149,NA,0,0,0,0,0,0,0,0,0,0,0,0,0,5.3,29.7,2.3,8,8.3,0,NA,NA,NA,"JP","ON","G","CP","010","BM"
"JP-ON-GC010","12","001",0,0,0,501,731,56,NA,56,0,56,0,0,0,0,0,0,0,0,0,0.7,8.7,14,3,4,2.3,0,NA,NA,NA,"JP","ON","G","CP","010","BM"
"JP-ON-GC010","16","001",-2166,-694,-1060,328,96,696,NA,30,0,0,30,0,0,0,0,0,0,0,0,1,15.7,28.7,2.3,7.3,7.3,0,0.2,0.2,0,"JP","ON","G","CP","010","BM"
"JP-ON-GC012","06","001",0,0,0,179,275,40,NA,202,0,0,202,0,0,0,0,0,0,0,0,0,12.7,26.7,0.7,0.7,7.7,0,11,11,0,"JP","ON","G","CP","012","BM"
"JP-ON-GC012","07","001",-3140,-1366,-1744,301,224,35,NA,167,0,167,0,0,0,0,0,0,0,0,0,0,15,17.3,1.3,1.3,11.7,0,NA,NA,NA,"JP","ON","G","CP","012","BM"
"JP-ON-GC012","08","001",-3031,-1008,-1483,176,64,29,NA,111,0,111,0,0,0,0,0,0,0,0,0,0.3,12,16.3,0.3,0,4.7,0,NA,NA,NA,"JP","ON","G","CP","012","BM"
"JP-ON-GC012","09","001",-3841,-1088,-1784,229,45,16,NA,222,0,222,0,0,0,0,0,0,0,0,0,0,11.7,21.3,2,4,13,0,NA,NA,NA,"JP","ON","G","CP","012","BM"
"JP-ON-GC012","10","001",0,0,0,435,184,160,NA,0,0,0,0,0,0,0,0,0,0,0,0,0.3,11.7,26,1.3,5,9.3,0,NA,NA,NA,"JP","ON","G","CP","012","BM"
"JP-ON-GC012","12","001",-2345,-1332,-1531,144,136,29,NA,167,0,167,0,0,0,0,0,0,0,0,0,0.7,18.3,15.3,1,1.3,3.3,0,NA,NA,NA,"JP","ON","G","CP","012","BM"
"JP-ON-GC012","16","001",-4396,-1860,-2473,640,139,219,NA,212,0,111,101,0,0,0,0,0,0,0,0,1.7,18,18.7,2,13,9.7,0,0.3,0.3,0,"JP","ON","G","CP","012","BM"
"JP-ON-GC013","06","001",0,0,0,37,11,21,NA,339,0,167,172,0,0,0,0,0,0,0,0,0,11.3,25.7,2,0,6.7,0,6.6,6.6,0,"JP","ON","G","CP","013","BM"
"JP-ON-GC013","07","001",-5038,-1350,-2338,131,40,69,NA,111,0,111,0,0,0,0,0,0,0,0,0,0.3,11.7,19.7,1,0,7,0,NA,NA,NA,"JP","ON","G","CP","013","BM"
"JP-ON-GC013","08","001",-2919,-1143,-1435,120,51,21,NA,111,0,111,0,0,0,0,0,0,0,0,0,0,13,24.7,2.3,0,2,0,NA,NA,NA,"JP","ON","G","CP","013","BM"
"JP-ON-GC013","09","001",-5313,-1471,-2469,731,280,40,NA,111,0,111,0,0,0,0,0,0,0,0,0,0,9.7,16.7,1.3,0.3,7,0,NA,NA,NA,"JP","ON","G","CP","013","BM"
"JP-ON-GC013","10","001",0,0,0,125,80,21,NA,0,0,0,0,0,0,0,0,0,0,0,0,0.3,17.7,29.7,1,3,4,0,NA,NA,NA,"JP","ON","G","CP","013","BM"
"JP-ON-GC013","12","001",-2602,-1317,-1552,240,576,64,NA,0,0,0,0,0,0,0,0,0,0,0,0,0,15,24,4,0.7,0.7,0,NA,NA,NA,"JP","ON","G","CP","013","BM"
"JP-ON-GC013","16","001",-3698,-1934,-2218,133,27,448,NA,141,0,0,141,0,0,0,0,0,0,0,0,0,19.7,27.3,1.7,8,20,0,0.5,0.5,0,"JP","ON","G","CP","013","BM"
"JP-ON-GC017","06","001",0,0,0,69,67,45,NA,1389,889,167,333,0,0,0,0,0,0,0,0,0.3,1.3,8,1.7,0.3,12.3,0,24.2,24.2,0,"JP","ON","G","CP","017","BM"
"JP-ON-GC017","07","001",-227,-134,-145,45,11,21,NA,111,0,111,0,0,0,0,0,0,0,0,0,1,1.3,8,0.7,0,1.3,0,NA,NA,NA,"JP","ON","G","CP","017","BM"
"JP-ON-GC017","08","001",-698,-171,-275,120,16,0,NA,56,0,56,0,0,0,0,0,0,0,0,0,0.3,1.7,7,0.7,0,2,0,NA,NA,NA,"JP","ON","G","CP","017","BM"
"JP-ON-GC017","09","001",-1126,-403,-535,909,61,11,NA,111,0,111,0,0,0,0,0,0,0,0,0,0.7,3,13,3.3,2.7,15,0,NA,NA,NA,"JP","ON","G","CP","017","BM"
"JP-ON-GC017","10","001",0,0,0,341,115,61,NA,0,0,0,0,0,0,0,0,0,0,0,0,0.7,4.7,14.7,1.7,3.7,8,0,NA,NA,NA,"JP","ON","G","CP","017","BM"
"JP-ON-GC017","12","001",-1432,-679,-804,189,205,64,NA,111,0,111,0,0,0,0,0,0,0,0,0,0.3,5.7,14.7,1.3,3,3.3,0,NA,NA,NA,"JP","ON","G","CP","017","BM"
"JP-ON-GC017","13","001",NA,NA,NA,187,221,35,NA,0,0,0,0,0,0,0,0,0,0,0,0,1.3,7.3,20.7,1.7,4.7,16,0,NA,NA,NA,"JP","ON","G","CP","017","BM"
"JP-ON-GC017","16","001",-2038,-1064,-1218,251,67,1312,NA,232,0,111,121,0,0,0,0,0,0,0,0,1.3,19,25,2.3,2.3,5.3,0,0.5,0.5,0,"JP","ON","G","CP","017","BM"
"JP-ON-GC017","17","001",NA,NA,NA,NA,NA,992,1152,0,0,0,0,0,0,0,0,0,0,0,0,1,22.7,23.7,2.7,4.3,12,0,NA,NA,NA,"JP","ON","G","CP","017","BM"
"JP-ON-GC018","06","001",0,0,0,53,61,21,NA,313,0,0,313,0,0,0,0,0,0,0,0,0,5.3,11.3,0.7,0.3,6,0,17.2,17.2,0,"JP","ON","G","CP","018","BM"
"JP-ON-GC018","07","001",-660,-493,-499,200,285,64,NA,278,0,278,0,0,0,0,0,0,0,0,0,0,6.7,11.7,0.7,0,2.3,0,NA,NA,NA,"JP","ON","G","CP","018","BM"
"JP-ON-GC018","08","001",-1775,-532,-830,381,80,29,NA,111,0,111,0,0,0,0,0,0,0,0,0,0,4.7,13.7,2,0.3,3.3,0,NA,NA,NA,"JP","ON","G","CP","018","BM"
"JP-ON-GC018","09","001",-2175,-719,-1069,515,251,56,NA,278,0,278,0,0,0,0,0,0,0,0,0,0,4.3,20,0.3,1.7,17.3,0,NA,NA,NA,"JP","ON","G","CP","018","BM"
"JP-ON-GC018","10","001",0,0,0,845,355,61,NA,0,0,0,0,0,0,0,0,0,0,0,0,0,5.7,20.3,1.3,4.7,7.3,0,NA,NA,NA,"JP","ON","G","CP","018","BM"
"JP-ON-GC018","12","001",-4710,-2084,-2584,501,1269,69,NA,333,0,333,0,0,0,0,0,0,0,0,0,0,12.3,22,2.7,2,1,0,NA,NA,NA,"JP","ON","G","CP","018","BM"
"JP-ON-GC018","16","001",-1534,-985,-1033,267,53,291,NA,152,0,0,152,0,0,0,0,0,0,0,0,0,17,29.3,1.3,7,10.7,0,0.6,0.6,0,"JP","ON","G","CP","018","BM"
"JP-ON-GC019","06","001",0,0,0,117,165,24,NA,323,0,0,323,0,0,0,0,0,0,0,0,0,6,19.7,1,0.3,7,0,19.8,19.8,0,"JP","ON","G","CP","019","BM"
"JP-ON-GC019","07","001",-530,-305,-328,61,125,85,NA,56,0,56,0,0,0,0,0,0,0,0,0,0,4.7,10.3,0,0,7,0,NA,NA,NA,"JP","ON","G","CP","019","BM"
"JP-ON-GC019","08","001",-1160,-370,-513,331,101,21,NA,0,0,0,0,0,0,0,0,0,0,0,0,0.7,7.3,13,0,0,1.7,0,NA,NA,NA,"JP","ON","G","CP","019","BM"
"JP-ON-GC019","09","001",-1407,-580,-736,389,11,75,NA,444,0,444,0,0,0,0,0,0,0,0,0,0,9.3,24.7,3.7,2,15.3,0,NA,NA,NA,"JP","ON","G","CP","019","BM"
"JP-ON-GC019","10","001",0,0,0,1051,565,61,NA,0,0,0,0,0,0,0,0,0,0,0,0,0.3,12.7,23,2,7,15.7,0,NA,NA,NA,"JP","ON","G","CP","019","BM"
"JP-ON-GC019","12","001",-1227,-743,-820,341,640,29,NA,333,0,333,0,0,0,0,0,0,0,0,0,0.3,10.3,15.3,7.3,9.3,2,0,NA,NA,NA,"JP","ON","G","CP","019","BM"
"JP-ON-GC019","13","001",NA,NA,NA,93,72,35,NA,0,0,0,0,0,0,0,0,0,0,0,0,0.7,12.7,26.7,4,5,25,0,NA,NA,NA,"JP","ON","G","CP","019","BM"
"JP-ON-GC019","16","001",-2426,-1024,-1350,333,107,288,NA,141,0,0,141,0,0,0,0,0,0,0,0,1,18,20.7,3.3,2.3,4.7,0,0.6,0.6,0,"JP","ON","G","CP","019","BM"
"JP-ON-GC019","17","001",NA,NA,NA,NA,NA,787,595,0,0,0,0,0,0,0,0,0,0,0,0,0.3,18.7,28,6.3,4.7,25.7,0,NA,NA,NA,"JP","ON","G","CP","019","BM"
"JP-ON-GC022","06","001",0,0,0,155,235,61,NA,505,0,222,283,0,0,0,0,0,0,0,0,0,8.3,16.3,0.3,0.3,9.3,0,11.2,11.2,0,"JP","ON","G","CP","022","BM"
"JP-ON-GC022","07","001",-1443,-716,-877,221,235,45,NA,167,0,167,0,0,0,0,0,0,0,0,0,1,5.3,14.3,0.3,0.3,12.3,0,NA,NA,NA,"JP","ON","G","CP","022","BM"
"JP-ON-GC022","08","001",-2543,-800,-1234,536,320,16,NA,167,0,167,0,0,0,0,0,0,0,0,0,0,9.3,16,1.3,0,2.7,0,NA,NA,NA,"JP","ON","G","CP","022","BM"
"JP-ON-GC022","09","001",-2574,-687,-1207,440,141,29,NA,167,0,167,0,0,0,0,0,0,0,0,0,0,7.3,17.7,2.7,5,14.7,0,NA,NA,NA,"JP","ON","G","CP","022","BM"
"JP-ON-GC022","10","001",0,0,0,981,581,125,NA,0,0,0,0,0,0,0,0,0,0,0,0,0.3,11.7,26.3,3.3,11,5.3,0,NA,NA,NA,"JP","ON","G","CP","022","BM"
"JP-ON-GC022","12","001",-1306,-790,-862,304,635,51,NA,56,0,56,0,0,0,0,0,0,0,0,0,0,13.3,28.7,1.3,1.7,4.3,0,NA,NA,NA,"JP","ON","G","CP","022","BM"
"JP-ON-GC022","16","001",-1768,-926,-1100,525,155,859,NA,162,0,0,162,0,0,0,0,0,0,0,0,0.7,17,22.3,2,9,10.3,0,0.6,0.6,0,"JP","ON","G","CP","022","BM"
"JP-ON-GC024","06","001",0,0,0,43,27,24,NA,263,0,0,263,0,0,0,0,0,0,0,0,0.3,3.3,12,0.7,0,5,0,23.6,23.6,0,"JP","ON","G","CP","024","BM"
"JP-ON-GC024","07","001",71,78,68,69,45,16,NA,111,0,111,0,0,0,0,0,0,0,0,0,0,4.3,11.3,0.7,0,1.7,0,NA,NA,NA,"JP","ON","G","CP","024","BM"
"JP-ON-GC024","08","001",256,101,122,141,11,0,NA,56,0,56,0,0,0,0,0,0,0,0,0,0,1,9,1.3,0,2,0,NA,NA,NA,"JP","ON","G","CP","024","BM"
"JP-ON-GC024","09","001",-453,-195,-241,491,56,16,NA,167,0,167,0,0,0,0,0,0,0,0,0,0.7,4.7,19.7,9,2.7,24,0,NA,NA,NA,"JP","ON","G","CP","024","BM"
"JP-ON-GC024","10","001",0,0,0,349,176,45,NA,0,0,0,0,0,0,0,0,0,0,0,0,0.3,2.3,21.3,3.7,2,5.7,0,NA,NA,NA,"JP","ON","G","CP","024","BM"
"JP-ON-GC024","12","001",-517,-259,-294,136,104,56,NA,2111,1778,333,0,0,0,0,0,0,0,0,0,0.3,4,17,3.3,4,2.3,0,NA,NA,NA,"JP","ON","G","CP","024","BM"
"JP-ON-GC024","16","001",-895,-899,-828,221,171,221,NA,157,0,56,101,0,0,0,0,0,0,0,0,0,10.7,34,3.7,6.7,9.7,0,0.4,0.4,0,"JP","ON","G","CP","024","BM"
"JP-ON-GC026","06","001",0,0,0,51,16,24,NA,444,0,0,444,0,0,0,0,0,0,0,0,0,0.7,6.7,1.7,0.3,8,0,36,36,0,"JP","ON","G","CP","026","BM"
"JP-ON-GC026","07","001",0,0,0,35,0,11,NA,0,0,0,0,0,0,0,0,0,0,0,0,0,0,3.3,0.3,0,0,0,NA,NA,NA,"JP","ON","G","CP","026","BM"
"JP-ON-GC026","08","001",186,57,100,69,0,0,NA,0,0,0,0,0,0,0,0,0,0,0,0,0,0,4.3,1.3,0.7,1.7,0,NA,NA,NA,"JP","ON","G","CP","026","BM"
"JP-ON-GC026","09","001",-46,-14,-19,949,21,11,NA,0,0,0,0,0,0,0,0,0,0,0,0,0,0.3,11,1.3,2.7,19.3,0,NA,NA,NA,"JP","ON","G","CP","026","BM"
"JP-ON-GC026","10","001",0,0,0,1544,205,205,NA,0,0,0,0,0,0,0,0,0,0,0,0,0,0.3,25,4.7,18.3,11.7,0,NA,NA,NA,"JP","ON","G","CP","026","BM"
"JP-ON-GC026","12","001",-189,-68,-94,387,909,141,NA,111,0,111,0,0,0,0,0,0,0,0,0,0,0,13.3,1.3,20,1,0,NA,NA,NA,"JP","ON","G","CP","026","BM"
"JP-ON-GC026","16","001",-1178,-363,-611,416,27,723,NA,232,0,0,232,0,0,0,0,0,0,0,0,0.3,6.7,24,0,31.7,13,0,0.5,0.5,0,"JP","ON","G","CP","026","BM"
"JP-ON-GC030","06","001",0,0,0,192,269,43,NA,505,0,222,283,0,0,0,0,0,0,0,0,0,11.3,22.7,1,0,2.7,0,8.2,8.2,0,"JP","ON","G","CP","030","BM"
"JP-ON-GC030","07","001",-1921,-711,-929,35,144,16,NA,0,0,0,0,0,0,0,0,0,0,0,0,0.3,10.7,17.3,1,0,3,0,NA,NA,NA,"JP","ON","G","CP","030","BM"
"JP-ON-GC030","08","001",-5110,-1295,-2076,181,35,64,NA,222,0,222,0,0,0,0,0,0,0,0,0,0,12,18.7,1.3,0,2,0,NA,NA,NA,"JP","ON","G","CP","030","BM"
"JP-ON-GC030","09","001",-6491,-1763,-2758,501,61,21,NA,0,0,0,0,0,0,0,0,0,0,0,0,0,9.7,21.7,2,1,2.7,0,NA,NA,NA,"JP","ON","G","CP","030","BM"
"JP-ON-GC030","10","001",0,0,0,475,285,120,NA,0,0,0,0,0,0,0,0,0,0,0,0,0,11.7,20.3,3,0,7.7,0,NA,NA,NA,"JP","ON","G","CP","030","BM"
"JP-ON-GC030","12","001",-4093,-1999,-2321,69,56,0,NA,389,0,389,0,0,0,0,0,0,0,0,0,0,11.3,19.3,2,0,0.3,0,NA,NA,NA,"JP","ON","G","CP","030","BM"
"JP-ON-GC030","16","001",-4674,-1788,-2451,216,35,712,NA,339,0,167,172,0,0,0,0,0,0,0,0,0.7,20,22,3,2,8.3,0,0.5,0.5,0,"JP","ON","G","CP","030","BM"
"JP-ON-GC031","06","001",0,0,0,101,85,45,NA,394,0,111,283,0,0,0,0,0,0,0,0,0,13,25.3,0.7,0.7,6.3,0,7.6,7.6,0,"JP","ON","G","CP","031","BM"
"JP-ON-GC031","07","001",-1603,-698,-924,280,456,96,NA,222,0,222,0,0,0,0,0,0,0,0,0,0.3,14.3,20.3,0.7,0,5.3,0,NA,NA,NA,"JP","ON","G","CP","031","BM"
"JP-ON-GC031","08","001",-1852,-815,-1056,440,155,45,NA,333,0,333,0,0,0,0,0,0,0,0,0,0.3,8,26,0.7,0.3,2,0,NA,NA,NA,"JP","ON","G","CP","031","BM"
"JP-ON-GC031","09","001",-2022,-688,-1023,509,216,200,NA,222,0,222,0,0,0,0,0,0,0,0,0,0.7,13.3,19.3,2,1,16.3,0,NA,NA,NA,"JP","ON","G","CP","031","BM"
"JP-ON-GC031","10","001",0,0,0,515,101,5,NA,0,0,0,0,0,0,0,0,0,0,0,0,0.3,16.3,33.3,1,1.7,10.7,0,NA,NA,NA,"JP","ON","G","CP","031","BM"
"JP-ON-GC031","12","001",-1225,-614,-748,344,675,24,NA,167,0,167,0,0,0,0,0,0,0,0,0,0.3,16.7,23,3,0.7,0.3,0,NA,NA,NA,"JP","ON","G","CP","031","BM"
"JP-ON-GC031","16","001",-2167,-1021,-1300,331,51,480,NA,258,0,56,202,0,0,0,0,0,0,0,0,0.7,19.7,24,3.3,2,12.7,0,0.7,0.7,0,"JP","ON","G","CP","031","BM"
"JP-ON-GC033","06","001",0,0,0,24,19,24,NA,470,0,167,303,0,0,0,0,0,0,0,0,0,1,7,0.3,0.3,8.7,0,30.7,30.7,0,"JP","ON","G","CP","033","BM"
"JP-ON-GC033","07","001",122,69,74,29,16,5,NA,167,0,167,0,0,0,0,0,0,0,0,0,0.3,0,3,0,0,2,0,NA,NA,NA,"JP","ON","G","CP","033","BM"
"JP-ON-GC033","08","001",-286,-93,-125,155,5,16,NA,111,0,111,0,0,0,0,0,0,0,0,0,0.3,0,3,0.7,0,2.7,0,NA,NA,NA,"JP","ON","G","CP","033","BM"
"JP-ON-GC033","09","001",-692,-351,-404,605,5,0,NA,444,0,444,0,0,0,0,0,0,0,0,0,0.7,1.3,7.7,2.7,2.3,26.7,0,NA,NA,NA,"JP","ON","G","CP","033","BM"
"JP-ON-GC033","10","001",0,0,0,541,160,75,NA,0,0,0,0,0,0,0,0,0,0,0,0,0.3,2,19,5.7,11,12,0,NA,NA,NA,"JP","ON","G","CP","033","BM"
"JP-ON-GC033","12","001",-882,-364,-477,525,645,61,NA,444,0,444,0,0,0,0,0,0,0,0,0,0.7,1,11,1.7,7.3,1.7,0,NA,NA,NA,"JP","ON","G","CP","033","BM"
"JP-ON-GC033","13","001",NA,NA,NA,477,160,56,NA,0,0,0,0,0,0,0,0,0,0,0,0,0.3,2.3,13.3,5,10.7,18.7,0,NA,NA,NA,"JP","ON","G","CP","033","BM"
"JP-ON-GC033","16","001",-1227,-908,-957,0,0,0,NA,152,0,0,152,0,0,0,0,0,0,0,0,0.3,11,15,2.7,14,12,0,0.7,0.7,0,"JP","ON","G","CP","033","BM"
"JP-ON-GC033","17","001",NA,NA,NA,NA,NA,379,621,0,0,0,0,0,0,0,0,0,0,0,0,1,12.3,15,3,19.7,18.7,0,NA,NA,NA,"JP","ON","G","CP","033","BM"
"JP-ON-GC034","06","001",0,0,0,29,37,11,NA,349,0,56,293,0,0,0,0,0,0,0,0,0,3.3,8,1.3,0.7,10,0,21.5,21.5,0,"JP","ON","G","CP","034","BM"
"JP-ON-GC034","07","001",-309,-174,-191,45,56,5,NA,0,0,0,0,0,0,0,0,0,0,0,0,0.7,2.7,6,0.7,0,1,0,NA,NA,NA,"JP","ON","G","CP","034","BM"
"JP-ON-GC034","08","001",-756,-250,-341,136,0,0,NA,56,0,56,0,0,0,0,0,0,0,0,0,0.7,2.7,8.3,1.3,0,2,0,NA,NA,NA,"JP","ON","G","CP","034","BM"
"JP-ON-GC034","09","001",-1047,-511,-592,656,45,21,NA,56,0,56,0,0,0,0,0,0,0,0,0,1,5,14.3,1.3,3.7,13.3,0,NA,NA,NA,"JP","ON","G","CP","034","BM"
"JP-ON-GC034","10","001",0,0,0,421,69,16,NA,0,0,0,0,0,0,0,0,0,0,0,0,0,9,18,5,11,11.3,0,NA,NA,NA,"JP","ON","G","CP","034","BM"
"JP-ON-GC034","12","001",-2333,-1084,-1330,205,376,75,NA,0,0,0,0,0,0,0,0,0,0,0,0,1,8.7,13.7,1.3,6.7,1.7,0,NA,NA,NA,"JP","ON","G","CP","034","BM"
"JP-ON-GC034","16","001",-4169,-1345,-2124,768,117,2091,NA,96,0,56,40,0,0,0,0,0,0,0,0,1,16,16.7,1.7,6.3,9.7,0,0.3,0.3,0,"JP","ON","G","CP","034","BM"
"JP-SC-GC001","06","001",0,0,0,80,3,5,NA,379,0,56,323,0,0,0,0,0,0,0,0,0,10,10.3,0,23.7,4.7,0,50.3,50.3,0,"JP","SC","G","CP","001","BM"
"JP-SC-GC001","07","001",-780,-399,-472,536,141,211,NA,0,0,0,0,0,0,0,0,0,0,0,0,19.7,8.7,10.3,0.3,31,4.7,0,NA,NA,NA,"JP","SC","G","CP","001","BM"
"JP-SC-GC001","08","001",-501,-268,-329,384,35,176,NA,56,0,56,0,0,0,0,0,0,0,0,0,0,4,14,0.3,11.3,2.7,0,NA,NA,NA,"JP","SC","G","CP","001","BM"
"JP-SC-GC001","09","001",-765,-375,-493,715,0,21,NA,56,0,56,0,0,0,0,0,0,0,0,0,0,8.3,31.3,0.3,25.7,12.3,0,NA,NA,NA,"JP","SC","G","CP","001","BM"
"JP-SC-GC001","10","001",-617,-356,-402,931,11,51,NA,56,0,56,0,0,0,0,0,0,0,0,0,0,5.7,22,0.3,44,13.7,0,NA,NA,NA,"JP","SC","G","CP","001","BM"
"JP-SC-GC001","12","001",-658,-374,-465,320,285,64,NA,0,0,0,0,0,0,0,0,0,0,0,0,0,7.3,25.3,1,25.7,5.3,0,NA,NA,NA,"JP","SC","G","CP","001","BM"
"JP-SC-GC001","13","001",-934,-524,-661,373,29,37,NA,56,0,56,0,0,0,0,0,0,0,0,0,0,11.7,29,0.3,29,8.3,0,NA,NA,NA,"JP","SC","G","CP","001","BM"
"JP-SC-GC001","17","001",-805,-770,-1007,784,80,773,NA,30,0,0,30,0,0,0,0,0,0,0,0,0,10,33,0.3,5.7,19,0,0.1,0.1,0,"JP","SC","G","CP","001","BM"
"JP-SC-GC002","06","001",0,0,0,61,13,29,NA,248,0,56,192,0,0,0,0,0,0,0,0,0,6.3,11.7,1,21,2,0,26.5,26.5,0,"JP","SC","G","CP","002","BM"
"JP-SC-GC002","07","001",-831,-515,-472,315,40,24,NA,0,0,0,0,0,0,0,0,0,0,0,0,24,6.3,6.7,0,30,14.3,0,NA,NA,NA,"JP","SC","G","CP","002","BM"
"JP-SC-GC002","08","001",-280,-248,-232,360,0,51,NA,0,0,0,0,0,0,0,0,0,0,0,0,0,6.3,15.3,1,12.3,4.3,0,NA,NA,NA,"JP","SC","G","CP","002","BM"
"JP-SC-GC002","09","001",-441,-326,-497,1061,0,0,NA,0,0,0,0,0,0,0,0,0,0,0,0,0,5.7,16.3,0.3,31.3,1.3,0,NA,NA,NA,"JP","SC","G","CP","002","BM"
"JP-SC-GC002","10","001",-532,-381,-424,995,5,11,NA,0,0,0,0,0,0,0,0,0,0,0,0,0,10.3,18,2.3,46.7,7.7,0,NA,NA,NA,"JP","SC","G","CP","002","BM"
"JP-SC-GC002","12","001",-652,-363,-467,349,141,80,NA,0,0,0,0,0,0,0,0,0,0,0,0,0,14.3,13.7,2.3,20,5.3,0,NA,NA,NA,"JP","SC","G","CP","002","BM"
"JP-SC-GC002","13","001",-303,-527,-615,395,11,35,NA,0,0,0,0,0,0,0,0,0,0,0,0,0,19,31.7,4.7,26.7,8,0,NA,NA,NA,"JP","SC","G","CP","002","BM"
"JP-SC-GC002","17","001",-564,-741,-723,291,21,181,NA,56,0,56,0,0,0,0,0,0,0,0,0,0,21.2,27.1,2.9,8.8,25.4,0,NA,NA,NA,"JP","SC","G","CP","002","BM"
"JP-SC-GC003","06","001",0,0,0,147,69,56,NA,157,0,56,101,10,0,0,10,0,0,0,0,0,7.7,8.3,2,7,5,0,9.1,9,0.1,"JP","SC","G","CP","003","BM"
"JP-SC-GC003","07","001",-973,-721,-804,525,45,171,NA,0,0,0,0,0,0,0,0,0,0,0,0,6.3,8,15.7,2.3,13,8.7,0,NA,NA,NA,"JP","SC","G","CP","003","BM"
"JP-SC-GC003","08","001",-765,-700,-780,565,155,96,NA,0,0,0,0,0,0,0,0,0,0,0,0,0,8,23,3.3,7.7,1,0,NA,NA,NA,"JP","SC","G","CP","003","BM"
"JP-SC-GC003","09","001",-1535,-998,-1299,611,35,51,NA,111,0,111,0,0,0,0,0,0,0,0,0,0,10,27,4.7,12.3,1.3,0,NA,NA,NA,"JP","SC","G","CP","003","BM"
"JP-SC-GC003","10","001",-1117,-785,-822,765,21,40,NA,56,0,56,0,0,0,0,0,0,0,0,0,0,9.7,29.7,7.3,21.3,11.7,0,NA,NA,NA,"JP","SC","G","CP","003","BM"
"JP-SC-GC003","12","001",-1238,-835,-927,264,NA,125,NA,111,0,111,0,0,0,0,0,0,0,0,0,0.3,13.7,33,2.7,16,14,0,NA,NA,NA,"JP","SC","G","CP","003","BM"
"JP-SC-GC003","13","001",-2204,-1388,-1451,339,67,48,NA,0,0,0,0,0,0,0,0,0,0,0,0,0,16.3,38,4.3,18.7,8.7,0,NA,NA,NA,"JP","SC","G","CP","003","BM"
"JP-SC-GC003","17","001",-1280,-804,-923,539,32,269,NA,66,0,56,10,0,0,0,0,0,0,0,0,0,13.7,30.7,5.7,0,15,0,0,0,0,"JP","SC","G","CP","003","BM"
"JP-SC-GC004","06","001",0,0,0,69,69,77,NA,61,0,0,61,0,0,0,0,0,0,0,0,0,11.3,15.7,0,16,4,0,8.7,8.7,0,"JP","SC","G","CP","004","BM"
"JP-SC-GC004","07","001",-1336,-1206,-1426,429,35,91,NA,0,0,0,0,0,0,0,0,0,0,0,0,6.3,13.7,27,1,22,14,0,NA,NA,NA,"JP","SC","G","CP","004","BM"
"JP-SC-GC004","08","001",-1268,-1113,-1235,421,45,75,NA,0,0,0,0,0,0,0,0,0,0,0,0,0,11.3,36.7,2.3,8.7,4.3,0,NA,NA,NA,"JP","SC","G","CP","004","BM"
"JP-SC-GC004","09","001",-2617,-1776,-2246,1021,40,85,NA,0,0,0,0,0,0,0,0,0,0,0,0,0.7,9.7,55,2,17.3,4.7,0,NA,NA,NA,"JP","SC","G","CP","004","BM"
"JP-SC-GC004","10","001",-2453,-2044,-1657,720,45,64,NA,0,0,0,0,0,0,0,0,0,0,0,0,0,9.3,33.7,2,18.3,6,0,NA,NA,NA,"JP","SC","G","CP","004","BM"
"JP-SC-GC004","12","001",-1812,-1468,-1728,296,405,69,NA,0,0,0,0,0,0,0,0,0,0,0,0,0,12.3,41.3,2.3,6.3,3.7,0,NA,NA,NA,"JP","SC","G","CP","004","BM"
"JP-SC-GC004","13","001",2406,1703,2220,312,56,43,NA,0,0,0,0,0,0,0,0,0,0,0,0,0,17.7,47.7,4,13.3,8.3,0,NA,NA,NA,"JP","SC","G","CP","004","BM"
"JP-SC-GC004","17","001",-2397,-1545,-1784,744,72,144,NA,0,0,0,0,0,0,0,0,0,0,0,0,0,14,46.3,3,0.3,12,0,NA,NA,NA,"JP","SC","G","CP","004","BM"
"JP-SC-GC005","06","001",0,0,0,75,59,53,NA,157,0,56,101,0,0,0,0,0,0,0,0,0,10.7,17.3,0.3,4.3,8.7,0,16.1,16.1,0,"JP","SC","G","CP","005","BM"
"JP-SC-GC005","07","001",-2816,-1573,-2102,251,40,45,NA,0,0,0,0,0,0,0,0,0,0,0,0,11,11,25.3,3.3,5.3,9.7,0,NA,NA,NA,"JP","SC","G","CP","005","BM"
"JP-SC-GC005","08","001",-1878,-865,-997,365,0,29,NA,56,0,56,0,0,0,0,0,0,0,0,0,0,6.3,10.7,1,0,1.3,0,NA,NA,NA,"JP","SC","G","CP","005","BM"
"JP-SC-GC005","09","001",-1690,-838,-1111,971,85,144,NA,56,0,56,0,0,0,0,0,0,0,0,0,0,7.1,37.5,2.5,4.6,7.5,0,NA,NA,NA,"JP","SC","G","CP","005","BM"
"JP-SC-GC005","10","001",-2634,-1168,-1399,664,96,85,NA,56,0,56,0,0,0,0,0,0,0,0,0,0,11.3,34.3,2.7,7,8,0,NA,NA,NA,"JP","SC","G","CP","005","BM"
"JP-SC-GC005","12","001",-1263,-616,-782,296,261,104,NA,56,0,56,0,0,0,0,0,0,0,0,0,0,14.3,34,1.3,3.3,1.7,0,NA,NA,NA,"JP","SC","G","CP","005","BM"
"JP-SC-GC005","13","001",-1449,-823,-1061,240,5,88,NA,56,0,56,0,0,0,0,0,0,0,0,0,0,14,45,2.3,8,5.7,0,NA,NA,NA,"JP","SC","G","CP","005","BM"
"JP-SC-GC005","17","001",-1836,-931,-1311,1101,51,808,NA,10,0,0,10,10,0,0,10,0,0,0,0,0,13.3,46,2,0.3,8.7,0,0,0,0,"JP","SC","G","CP","005","BM"
"JP-SC-GC006","06","001",0,0,0,168,152,48,NA,61,0,0,61,0,0,0,0,0,0,0,0,0,13,15.3,0.7,1.3,6,0,9.7,9.7,0,"JP","SC","G","CP","006","BM"
"JP-SC-GC006","07","001",-2134,-1340,-1729,251,29,21,NA,0,0,0,0,0,0,0,0,0,0,0,0,6.3,12.7,27,1.3,5.7,13.7,0,NA,NA,NA,"JP","SC","G","CP","006","BM"
"JP-SC-GC006","08","001",-2058,-1255,-1529,480,141,61,NA,945,889,56,0,0,0,0,0,0,0,0,0,0,11.7,33,2.7,0.3,0.3,0,NA,NA,NA,"JP","SC","G","CP","006","BM"
"JP-SC-GC006","09","001",-1690,-1198,-1435,995,120,75,NA,56,0,56,0,0,0,0,0,0,0,0,0,0,10.7,46.3,2,4.7,10.7,0,NA,NA,NA,"JP","SC","G","CP","006","BM"
"JP-SC-GC006","10","001",-3132,-2066,-2091,1069,35,165,NA,56,0,56,0,0,0,0,0,0,0,0,0,0.3,10.3,41,3,7.7,4.7,0,NA,NA,NA,"JP","SC","G","CP","006","BM"
"JP-SC-GC006","12","001",-2670,-1935,-2085,405,181,75,NA,0,0,0,0,0,0,0,0,0,0,0,0,0,13.7,44.7,1.3,2.3,0.3,0,NA,NA,NA,"JP","SC","G","CP","006","BM"
"JP-SC-GC006","13","001",-1604,-1047,-1370,459,101,40,NA,56,0,56,0,0,0,0,0,0,0,0,0,0,19.3,56,2,3.7,6,0,NA,NA,NA,"JP","SC","G","CP","006","BM"
"JP-SC-GC006","17","001",-1638,-1305,-1544,963,168,325,NA,30,0,0,30,0,0,0,0,0,0,0,0,0,17.3,55.3,2.7,0,6.7,0,0.1,0.1,0,"JP","SC","G","CP","006","BM"
"JP-SC-GC007","06","001",0,0,0,123,115,75,NA,101,0,0,101,0,0,0,0,0,0,0,0,0,12.3,23.7,2,4,6.7,0,16.8,16.8,0,"JP","SC","G","CP","007","BM"
"JP-SC-GC007","07","001",-4334,-2437,-3143,235,61,91,NA,0,0,0,0,0,0,0,0,0,0,0,0,16.7,10.3,27,3,7.3,10.3,0,NA,NA,NA,"JP","SC","G","CP","007","BM"
"JP-SC-GC007","08","001",-1642,-1032,-1194,549,69,131,NA,0,0,0,0,0,0,0,0,0,0,0,0,0,7,15.3,1,0,0.7,0,NA,NA,NA,"JP","SC","G","CP","007","BM"
"JP-SC-GC007","09","001",-2970,-2175,-2617,965,0,80,NA,56,0,56,0,0,0,0,0,0,0,0,0,0,8.3,33.3,0.7,4.7,4.7,0,NA,NA,NA,"JP","SC","G","CP","007","BM"
"JP-SC-GC007","10","001",-2668,-1859,-2049,984,45,160,NA,56,0,56,0,0,0,0,0,0,0,0,0,0,10,38,2,17.3,24,0,NA,NA,NA,"JP","SC","G","CP","007","BM"
"JP-SC-GC007","12","001",-1385,-1547,-1878,435,376,115,NA,56,0,56,0,0,0,0,0,0,0,0,0,0,16,30,1.3,8,2,0,NA,NA,NA,"JP","SC","G","CP","007","BM"
"JP-SC-GC007","13","001",-2327,-2015,-2186,376,24,56,NA,0,0,0,0,0,0,0,0,0,0,0,0,0,19.3,46.7,4.7,13,8.3,0,NA,NA,NA,"JP","SC","G","CP","007","BM"
"JP-SC-GC007","17","001",-289,-790,-605,829,0,485,NA,56,0,56,0,0,0,0,0,0,0,0,0,0,12.3,45.7,1.7,0.3,17.7,0,NA,NA,NA,"JP","SC","G","CP","007","BM"
"JP-SC-GC008","06","001",0,0,0,13,8,29,NA,379,0,56,323,0,0,0,0,0,0,0,0,0,2.7,6.7,0,14,3.7,0,36.5,36.5,0,"JP","SC","G","CP","008","BM"
"JP-SC-GC008","07","001",0,-6,-11,16,0,5,NA,0,0,0,0,0,0,0,0,0,0,0,0,38.3,1.7,4,0,22.3,10.7,0,NA,NA,NA,"JP","SC","G","CP","008","BM"
"JP-SC-GC008","08","001",0,0,0,435,24,24,NA,0,0,0,0,0,0,0,0,0,0,0,0,0,1.7,7.7,0,13,4.3,0,NA,NA,NA,"JP","SC","G","CP","008","BM"
"JP-SC-GC008","09","001",0,-7,-6,1435,0,0,NA,0,0,0,0,0,0,0,0,0,0,0,0,0,0.7,8,0,31.3,8.3,0,NA,NA,NA,"JP","SC","G","CP","008","BM"
"JP-SC-GC008","10","001",0,-14,-12,1011,176,216,NA,0,0,0,0,0,0,0,0,0,0,0,0,0,2.7,10,0.3,45.7,18,0,NA,NA,NA,"JP","SC","G","CP","008","BM"
"JP-SC-GC008","12","001",-7,-27,-40,544,184,405,NA,0,0,0,0,0,0,0,0,0,0,0,0,0,2.3,15,0.3,25.3,9.3,0,NA,NA,NA,"JP","SC","G","CP","008","BM"
"JP-SC-GC008","13","001",0,-5,-5,504,5,72,NA,0,0,0,0,0,0,0,0,0,0,0,0,0,4,15.3,0.3,37.3,13.3,0,NA,NA,NA,"JP","SC","G","CP","008","BM"
"JP-SC-GC008","17","001",-5,-12,-23,456,8,347,NA,10,0,0,10,0,0,0,0,0,0,0,0,0,3,20.3,0.3,19.3,37,0,0,0,0,"JP","SC","G","CP","008","BM"
"JP-SC-GC009","06","001",0,0,0,93,3,45,NA,293,0,0,293,10,0,0,10,0,0,0,0,0,0.7,2.7,0,12,2.7,0,40.8,39.1,1.7,"JP","SC","G","CP","009","BM"
"JP-SC-GC009","07","001",0,0,0,75,0,11,NA,0,0,0,0,0,0,0,0,0,0,0,0,33.3,0.3,3.3,0,20,15,0,NA,NA,NA,"JP","SC","G","CP","009","BM"
"JP-SC-GC009","08","001",0,0,0,485,0,0,NA,0,0,0,0,0,0,0,0,0,0,0,0,0,0,6.7,0,10.3,1.7,0,NA,NA,NA,"JP","SC","G","CP","009","BM"
"JP-SC-GC009","09","001",0,0,0,869,0,0,NA,0,0,0,0,0,0,0,0,0,0,0,0,0,0.8,15.4,0,45,12.1,0,NA,NA,NA,"JP","SC","G","CP","009","BM"
"JP-SC-GC009","10","001",0,0,0,896,5,64,NA,0,0,0,0,0,0,0,0,0,0,0,0,0,1.3,9.3,0.3,63,12,0,NA,NA,NA,"JP","SC","G","CP","009","BM"
"JP-SC-GC009","12","001",0,0,0,416,64,280,NA,0,0,0,0,0,0,0,0,0,0,0,0,0,2,12.7,0.3,36.7,10.7,0,NA,NA,NA,"JP","SC","G","CP","009","BM"
"JP-SC-GC009","13","001",0,0,0,648,21,51,NA,0,0,0,0,0,0,0,0,0,0,0,0,0,4,13,0.3,47.3,10.7,0,NA,NA,NA,"JP","SC","G","CP","009","BM"
"JP-SC-GC009","17","001",0,0,0,373,16,763,NA,0,0,0,0,10,0,0,10,0,0,0,0,0,3.3,17.7,0.3,17.3,44.3,0,0,0,0,"JP","SC","G","CP","009","BM"
"JP-SC-GC010","06","001",0,0,0,35,51,67,NA,323,0,111,212,0,0,0,0,0,0,0,0,0,4,7,1.3,11,4,0,28.5,28.5,0,"JP","SC","G","CP","010","BM"
"JP-SC-GC010","07","001",-4055,-2189,-2392,365,80,75,NA,0,0,0,0,0,0,0,0,0,0,0,0,35,5.3,5.3,0.7,13.7,5.3,0,NA,NA,NA,"JP","SC","G","CP","010","BM"
"JP-SC-GC010","08","001",-1683,-788,-917,291,24,45,NA,0,0,0,0,0,0,0,0,0,0,0,0,0,2.3,6.3,0.3,4.7,0.7,0,NA,NA,NA,"JP","SC","G","CP","010","BM"
"JP-SC-GC010","09","001",-2315,-977,-1264,720,16,11,NA,56,0,56,0,0,0,0,0,0,0,0,0,0,4,10,1,22.3,5,0,NA,NA,NA,"JP","SC","G","CP","010","BM"
"JP-SC-GC010","10","001",-3693,-1554,-1945,501,11,21,NA,56,0,56,0,0,0,0,0,0,0,0,0,0,2.3,6,2.3,39,16.3,0,NA,NA,NA,"JP","SC","G","CP","010","BM"
"JP-SC-GC010","12","001",-3093,-1360,-1677,469,245,61,NA,56,0,56,0,0,0,0,0,0,0,0,0,0,10,7.3,3.3,18,6.7,0,NA,NA,NA,"JP","SC","G","CP","010","BM"
"JP-SC-GC010","13","001",-655,-337,-372,240,11,27,NA,56,0,56,0,0,0,0,0,0,0,0,0,0,13.7,21.3,3,34,11,0,NA,NA,NA,"JP","SC","G","CP","010","BM"
"JP-SC-GC010","17","001",-1853,-999,-1218,619,157,259,NA,40,0,0,40,0,0,0,0,0,0,0,0,0,13.3,18.7,4,5.3,39,0,0.1,0.1,0,"JP","SC","G","CP","010","BM"
"JP-SC-GC011","06","001",0,0,0,123,139,93,NA,232,0,111,121,0,0,0,0,0,0,0,0,0,11.3,14.3,1.7,4,1,0,15.5,15.5,0,"JP","SC","G","CP","011","BM"
"JP-SC-GC011","07","001",-2285,-1631,-2412,205,69,24,NA,0,0,0,0,0,0,0,0,0,0,0,0,15.3,11.3,15,1.3,5.3,11.7,0,NA,NA,NA,"JP","SC","G","CP","011","BM"
"JP-SC-GC011","08","001",-1092,-702,-905,451,51,40,NA,0,0,0,0,0,0,0,0,0,0,0,0,0.3,12.7,21.3,3.7,1,1.3,0,NA,NA,NA,"JP","SC","G","CP","011","BM"
"JP-SC-GC011","09","001",-1359,-844,-1210,755,0,0,NA,111,0,111,0,0,0,0,0,0,0,0,0,0.7,8.3,34.7,6,13,3.3,0,NA,NA,NA,"JP","SC","G","CP","011","BM"
"JP-SC-GC011","10","001",-1432,-1001,-1190,1144,29,61,NA,111,0,111,0,0,0,0,0,0,0,0,0,0.7,7.3,31.7,5.7,18.3,6.3,0,NA,NA,NA,"JP","SC","G","CP","011","BM"
"JP-SC-GC011","12","001",-758,-563,-742,856,475,229,NA,56,0,56,0,0,0,0,0,0,0,0,0,0.7,14.7,25.7,8.7,15,0.7,0,NA,NA,NA,"JP","SC","G","CP","011","BM"
"JP-SC-GC011","13","001",-1014,-1101,-1203,469,19,83,NA,56,0,56,0,0,0,0,0,0,0,0,0,0.7,16,40.3,4.3,12.7,4.3,0,NA,NA,NA,"JP","SC","G","CP","011","BM"
"JP-SC-GC011","16","001",NA,NA,NA,NA,NA,496,179,0,0,0,0,0,0,0,0,0,0,0,0,0.7,10.7,29.3,3.7,0.7,6.3,0,NA,NA,NA,"JP","SC","G","CP","011","BM"
"JP-SC-GC011","17","001",-421,-407,-467,965,21,235,NA,197,0,167,30,0,0,0,0,0,0,0,0,0.3,14,35.7,5,0.3,8.7,0,0.1,0.1,0,"JP","SC","G","CP","011","BM"
"JP-SC-GC012","06","001",0,0,0,123,133,120,NA,147,0,56,91,0,0,0,0,0,0,0,0,0,12.7,13,1.7,4.3,4,0,16.6,16.6,0,"JP","SC","G","CP","012","BM"
"JP-SC-GC012","07","001",-5871,-3151,-4031,331,149,35,NA,0,0,0,0,0,0,0,0,0,0,0,0,7.7,14.3,13.3,1,7,9.3,0,NA,NA,NA,"JP","SC","G","CP","012","BM"
"JP-SC-GC012","08","001",-2156,-1523,-1872,451,0,40,NA,0,0,0,0,0,0,0,0,0,0,0,0,0,8,8.7,0.3,0.7,0.3,0,NA,NA,NA,"JP","SC","G","CP","012","BM"
"JP-SC-GC012","09","001",-2175,-1524,-2055,680,0,0,NA,0,0,0,0,0,0,0,0,0,0,0,0,0,7,26.3,0,10.3,4,0,NA,NA,NA,"JP","SC","G","CP","012","BM"
"JP-SC-GC012","10","001",-2565,-1637,-1674,971,109,75,NA,0,0,0,0,0,0,0,0,0,0,0,0,0,11.7,24.7,2.3,18.3,7,0,NA,NA,NA,"JP","SC","G","CP","012","BM"
"JP-SC-GC012","12","001",-1005,-834,-1044,411,384,0,NA,0,0,0,0,0,0,0,0,0,0,0,0,0,16,29.3,0.7,4.3,7,0,NA,NA,NA,"JP","SC","G","CP","012","BM"
"JP-SC-GC012","13","001",-1160,-791,-978,381,16,96,NA,0,0,0,0,0,0,0,0,0,0,0,0,0,21.3,36.7,4.7,16.7,4.7,0,NA,NA,NA,"JP","SC","G","CP","012","BM"
"JP-SC-GC012","17","001",-1852,-1214,-1832,1155,152,744,NA,20,0,0,20,0,0,0,0,0,0,0,0,0,14,36,1,0,12.3,0,0.1,0.1,0,"JP","SC","G","CP","012","BM"
"JP-SC-GC013","06","001",0,0,0,91,40,75,NA,374,0,222,152,10,0,0,10,0,0,0,0,0.3,6,12.3,1.3,4.7,8,0,24.6,23.7,0.9,"JP","SC","G","CP","013","BM"
"JP-SC-GC013","07","001",-495,-385,-517,109,45,11,NA,0,0,0,0,0,0,0,0,0,0,0,0,23,7.7,8.7,1.3,4.3,8.7,0,NA,NA,NA,"JP","SC","G","CP","013","BM"
"JP-SC-GC013","08","001",-202,-199,-254,205,0,11,NA,0,0,0,0,0,0,0,0,0,0,0,0,0,3.7,12.7,0.7,1.7,2.3,0,NA,NA,NA,"JP","SC","G","CP","013","BM"
"JP-SC-GC013","09","001",-384,-279,-340,1275,0,29,NA,945,889,56,0,0,0,0,0,0,0,0,0,0,7.7,22,2,13.7,7,0,NA,NA,NA,"JP","SC","G","CP","013","BM"
"JP-SC-GC013","10","001",-419,-311,-388,1504,91,85,NA,56,0,56,0,0,0,0,0,0,0,0,0,0,8.7,23,5.7,30.7,7.3,0,NA,NA,NA,"JP","SC","G","CP","013","BM"
"JP-SC-GC013","12","001",-483,-350,-450,744,371,141,NA,0,0,0,0,0,0,0,0,0,0,0,0,0,12.3,33.3,4.7,15.3,8.7,0,NA,NA,NA,"JP","SC","G","CP","013","BM"
"JP-SC-GC013","13","001",0,-50,-6,355,32,24,NA,56,0,56,0,0,0,0,0,0,0,0,0,0,14.7,31.3,6.3,18.7,5.7,0,NA,NA,NA,"JP","SC","G","CP","013","BM"
"JP-SC-GC013","16","001",NA,NA,NA,NA,NA,805,720,0,0,0,0,0,0,0,0,0,0,0,0,0,13.7,27.7,3,3.3,8.7,0,NA,NA,NA,"JP","SC","G","CP","013","BM"
"JP-SC-GC013","17","001",-37,-158,-198,605,48,336,NA,86,0,56,30,0,0,0,0,0,0,0,0,0,22.3,36.3,4,0.7,21.7,0,0.1,0.1,0,"JP","SC","G","CP","013","BM"
"JP-SC-GC014","06","001",0,0,0,45,5,27,NA,379,0,167,212,10,0,0,10,0,0,0,0,0,7.7,5.7,1.3,0.7,14.3,0,29.8,29.8,0,"JP","SC","G","CP","014","BM"
"JP-SC-GC014","07","001",-942,-558,-883,125,24,16,NA,0,0,0,0,0,0,0,0,0,0,0,0,23,11.7,6.7,2.7,0.3,10.7,0,NA,NA,NA,"JP","SC","G","CP","014","BM"
"JP-SC-GC014","08","001",-150,-301,-339,56,0,16,NA,56,0,56,0,0,0,0,0,0,0,0,0,0,3.3,2,2.3,0,1,0,NA,NA,NA,"JP","SC","G","CP","014","BM"
"JP-SC-GC014","09","001",-331,-314,-418,635,0,21,NA,111,0,111,0,0,0,0,0,0,0,0,0,0,5,11,1,4,13.7,0,NA,NA,NA,"JP","SC","G","CP","014","BM"
"JP-SC-GC014","10","001",-542,-393,-562,531,184,24,NA,111,0,111,0,0,0,0,0,0,0,0,0,0,5,8,5,14.7,26,0,NA,NA,NA,"JP","SC","G","CP","014","BM"
"JP-SC-GC014","12","001",-479,-433,-570,291,184,0,NA,56,0,56,0,0,0,0,0,0,0,0,0,0,13,24.3,1.7,3.7,1,0,NA,NA,NA,"JP","SC","G","CP","014","BM"
"JP-SC-GC014","13","001",-463,-352,-446,251,24,117,NA,111,0,111,0,0,0,0,0,0,0,0,0,0.7,18.3,22.3,6.7,18.3,10.3,0,NA,NA,NA,"JP","SC","G","CP","014","BM"
"JP-SC-GC014","16","001",NA,NA,NA,NA,NA,824,429,0,0,0,0,0,0,0,0,0,0,0,0,0.3,13.7,17.3,3.7,2.3,8,0.3,NA,NA,NA,"JP","SC","G","CP","014","BM"
"JP-SC-GC014","17","001",-620,-677,-785,1200,16,760,NA,107,0,56,51,0,0,0,0,0,0,0,0,0,16,20.7,4,1,13.7,0,0.3,0.3,0,"JP","SC","G","CP","014","BM"
